,0,1,2,3,4,5,6,7,8,9,10,11,12,13,14,15,16,17,18,19,20,21,22,23,24,25,26,27,28,29,30,31,32,33,34,35,36,37,38,39,40,41,42,43,44,45,46,47,48,49,50,51,52,53,54,55,56,57,58,59,60,61,62,63,64,65,66,67,68,69,70,71,72,73,74,75,76,77,78,79,80,81,82,83,84,85,86,87,88,89,90,91,92,93,94,95,96,97,98,99
0,-0.046064038,-0.072043985,-0.08831358,-0.07819595,-0.1048239,-0.1976823,0.10929412,0.07525139,0.022415087,-0.09239929,0.14871332,-0.14183864,-0.15070972,0.12788503,-0.1715448,0.022029385,-0.112256415,0.17764819,0.12764074,0.123970665,-0.015910584,0.039676838,-0.24794716,0.15612625,-0.13106716,-0.00322422,-0.16172998,0.09148139,-0.19447279,-0.08749459,0.056184474,-0.24127106,0.024827734,0.018973038,0.014339591,0.0188974,-0.15928377,0.019382069,-0.035590824,-0.064193025,0.16815424,-0.048438605,-0.03750553,-0.14332546,0.09556102,-0.22936666,0.03404331,-0.05472921,-0.12881383,-0.06350238,-0.21059233,-0.27413872,-0.12833875,0.025544714,0.17410938,-0.08089154,0.015702996,-0.1070604,0.12568544,-0.041270483,0.07870745,-0.090327814,0.13965392,-0.06989629,0.07725835,-0.021144347,0.088495195,-0.09329016,-0.15862907,-0.111371554,-0.07519752,-0.04740193,0.039380696,-0.2559709,-0.035386123,0.15494394,0.0657631,-0.06892174,-0.09041145,0.044603273,-0.038602717,-0.16646828,0.019312888,-0.024621252,-0.14208658,-0.11533695,-0.2017074,0.05512713,-0.011682619,-0.09307306,-0.03618465,0.08076008,-0.10551806,-0.14690468,-0.033224054,0.13207138,0.12214441,-0.23866203,-0.06308015,0.01343203
1,-0.032689914,-0.08185312,-0.08788126,-0.05142001,-0.1933506,0.04174414,0.08489243,-0.13186488,-0.280229,-0.040729813,-0.24131256,0.08349377,0.14957938,0.19568963,-0.18324707,-0.02175452,-0.13504286,-0.01532573,0.14823022,-0.08877713,0.10269748,-0.18020728,-0.015594608,-0.094387226,-0.24683233,-0.0082016215,0.007822352,-0.21210073,-0.037409842,-0.07539647,0.17276272,0.21550535,-0.06163629,-0.05089637,-0.043136816,-0.008298206,-0.12194155,0.028900785,-0.10707617,0.0626731,0.2235448,-0.08172503,0.029837472,0.06067152,0.20443949,0.005760658,-0.13622919,-0.11228923,0.06642724,-0.0015639843,-0.21056218,-0.010400042,0.1343035,-0.14342013,-0.015182681,0.111045934,-0.07481282,0.12173101,-0.0065797996,-0.20118771,-0.021330621,-0.0818479,0.013889042,-0.015428607,-0.0578596,-0.08971687,0.18024509,-0.1442506,-0.031062411,0.078102015,-0.22295581,-0.14324272,-0.1035796,-0.14036192,-0.26249015,0.1364758,-0.1691529,0.20103319,-0.010557471,0.11491899,-0.0152552,-0.01669891,-0.08589627,-0.16535364,-0.15882635,0.27928776,-0.11180651,-0.10332001,-0.11392334,0.008089777,-0.06736147,0.09729619,0.016509328,-0.09913456,0.17078063,0.08885383,0.028422043,-0.17133257,0.057090193,-0.082822196
2,0.10582923,0.1665624,0.029417723,0.100399025,-0.09226079,-0.27454424,-0.022631371,-0.07006781,0.035264894,0.12488662,0.053481124,-0.11660709,-0.11047601,-0.022212494,-0.011532642,0.11305064,0.009355481,-0.088961124,0.060505394,-0.05875204,-0.12441822,0.023579726,0.084152624,-0.177019,0.036419418,0.14945245,0.10376142,-0.016602177,-0.04043741,0.122502275,-0.03337623,0.10838382,0.11506153,0.19062698,-0.03145973,-0.13020203,-0.15677641,0.1987237,0.085381866,-0.009020029,0.20268303,-0.0042162114,-0.099571966,-0.11536791,-0.00055140763,0.11945029,-0.05902519,0.13798949,0.15396306,0.18603306,0.099949196,0.04787516,0.054231912,-0.18473272,-0.066276275,0.036585324,0.14601523,-0.12282596,0.083447754,-0.11670541,0.025350053,-0.14842981,-0.14542624,-0.053424146,0.09061235,0.168429,0.12907617,-0.055409867,0.058105662,-0.18937214,0.08498491,-0.116469085,0.06517963,-0.07373794,-0.06420646,0.040229235,-0.10108857,0.18660259,0.15307158,-0.06646593,-0.013193857,0.034740277,0.06325814,-0.09189369,0.18454444,0.040644765,-0.094273716,-0.25266698,0.04163974,-0.048693825,0.032004196,0.052422456,-0.08178887,-0.099597394,0.071480766,0.0921597,-0.016688248,0.043871157,0.0019460235,0.14626555
3,-0.06735576,-0.12573275,-0.012336143,0.081252486,-0.08826862,-0.040507678,0.11263398,0.061874527,0.101075396,-0.047598515,-0.16116838,-0.02815809,-0.13714752,-0.06940374,0.19976036,0.017925596,0.15747078,-0.19520217,-0.13528012,-0.26868623,-0.06213114,0.008620484,-0.15117745,-0.06722023,-0.1943801,0.10590166,0.07585551,0.06664904,0.1769335,-0.07289746,-0.09485156,-0.09017768,0.11352238,0.00017506168,0.0019183115,0.0837789,-0.108103774,0.13293327,-0.1569917,-0.07768301,0.06603858,0.0872604,-0.075986914,0.018581444,0.056333784,-0.00023685207,0.073124066,0.043522064,0.0368317,-0.2011393,-0.13760161,-0.08476465,-0.14664938,-0.07323379,-0.06326709,0.002601763,-0.08161287,0.06350305,-0.18763866,-0.21484378,0.033162918,-0.12991789,0.08669136,-0.1258328,0.122843154,-0.073969066,0.067571096,-0.10237944,-0.07482839,0.123170726,-0.011806461,-0.10901409,0.13299078,-0.051595163,-0.022153778,-0.12892725,-0.29399806,0.18504241,0.10376889,-0.018291842,-0.13715221,-0.047155008,-0.013620735,-0.19985496,-0.075514734,0.22128637,0.0428844,-0.008193097,0.029528385,0.058818094,-0.05322797,0.06737138,0.047839656,0.049120408,0.10756603,-0.09565301,0.036013678,0.0050178412,0.021241797,-0.09218392
4,0.10919292,-0.11534214,0.002549397,-0.09834085,-0.09749764,-0.18449792,0.046876892,-0.117152266,0.068263665,0.16426353,0.12245625,-0.1620421,-0.04688254,0.026250383,-0.07607341,0.029825207,-0.004776044,0.061680038,0.042455476,0.13315213,0.082575,-0.10688248,-0.13320819,-0.02338658,0.043208513,-0.0077191833,0.09642265,-0.08923349,0.025013793,-0.17032951,0.1861222,-0.035026822,-0.056539427,-0.06363196,0.16874202,-0.030269174,-0.11463374,-0.20441605,-0.22571455,0.122735076,0.029767763,-0.09790448,0.0743519,0.007960632,0.0015396797,0.020535354,0.17795597,-0.022838105,0.17706914,0.12282968,0.21489865,0.05641746,0.10426767,0.06755373,-0.14057973,-0.053672433,0.03204242,-0.055706132,0.081835166,0.1587527,-0.07581497,0.06345605,0.08261878,0.033082593,0.020856133,0.03654123,0.12783255,-0.09077905,0.092033505,-0.09000918,0.0041739643,-0.2427699,0.1285808,0.13091509,0.018128611,0.142215,0.1116176,-0.10043715,0.17187157,0.19027343,0.13479123,0.020087073,-0.02802812,-0.14814645,-0.16536646,-0.06675857,-0.23284678,0.1671335,0.048554763,-0.014648147,-0.06111116,0.15726514,-0.041530762,0.0339378,0.049765017,0.014950926,0.053848602,0.043918304,0.08896251,0.057240475
5,-0.013547673,-0.019172424,0.034083553,-0.09349064,-0.05155161,-0.022439368,-0.010478984,-0.06691747,-0.1170315,-0.04380563,-0.038123295,-0.097165935,0.17324783,0.07357822,-0.1098617,0.16657399,-0.055555116,0.045732453,-0.053337216,-0.066824906,-0.10832584,0.014473288,0.13947724,-0.066983975,0.16128634,-0.05389727,-0.16633822,-0.027484568,0.13414162,-0.13137269,-0.040766593,-0.013680201,-0.052668817,0.021410478,-0.054674637,0.1508053,-0.08047652,0.13286826,-0.07234197,0.04222625,-0.10497048,0.024008058,-0.06087807,-0.13861918,-0.20848592,0.08305876,0.13376617,-0.006901661,0.05687642,0.26213998,-0.051339023,0.005823507,0.17200577,0.13675946,0.049074065,0.076551,0.026319057,-0.18651752,-0.08686195,-0.06587088,-0.08422002,-0.0654958,0.11881981,-0.12656844,0.110910684,-0.13731956,0.06512166,0.22430302,0.052816078,-0.12939489,0.050733414,-0.12991071,-0.0871279,-0.106570914,0.112002015,-0.13349922,0.14251083,-0.1358118,0.07532743,-0.08841133,0.06729591,0.18457606,0.051537193,0.032009427,0.20834473,-0.047079355,-0.04743183,-0.003894876,0.019533258,0.055335302,-0.07612491,0.049345087,0.11341095,0.13028364,0.03188193,0.024626937,0.17553477,0.010873599,-0.09377017,-0.13088252
6,-0.11970453,0.20440075,0.050437067,0.055411644,0.090885274,0.104077764,0.103807904,-0.07551925,-0.11124931,0.07626175,0.046716828,0.074418955,0.16541757,0.016961822,-0.14362381,-0.1393176,-0.098335184,0.03328189,-0.10926597,0.05175476,0.04761375,-0.060089193,0.2552005,-0.18552388,0.05416843,0.0520209,-0.1995392,0.007759974,-0.116866745,-0.01456291,0.0557942,0.04785543,0.14200218,0.27371055,-0.148635,-0.044613913,0.09638954,-0.24278796,-0.042994373,-0.05158809,-0.15850316,0.1766775,0.23066479,0.16292289,0.068884715,-0.08471079,-0.1404983,0.121212095,0.06743367,0.06329827,0.08036336,-0.09504404,0.15950525,0.2264204,0.057333753,-0.10590765,-0.063749716,-0.118441485,0.19955869,0.05076544,0.07327369,-0.016833145,0.08755378,-0.007638247,-0.15237847,-0.050053556,0.021142608,0.085551776,0.049972236,0.017265933,-0.24294242,0.19625054,-0.06974955,-0.1235599,-0.18509765,0.041571856,-0.0648777,-0.0042322758,-0.08380587,-0.19478421,-0.020876946,-0.022138894,-0.17251211,-0.09406318,0.15607211,-0.027538685,0.13182695,0.15570156,0.007910711,0.075921945,-0.21161787,0.13359433,-0.19037023,-0.17399612,0.21270688,0.12941866,-0.06880165,0.2017726,0.022474956,0.17501344
7,-0.045273244,0.24851656,0.1354256,-0.19885911,-0.09135808,0.21201082,0.029918686,-0.0044349683,-0.11394953,0.040882073,0.07377843,0.013076296,-0.11866207,0.14696854,-0.059234183,0.13091607,-0.02749943,0.08294332,-0.19979627,0.03287033,-0.070298895,-0.19777386,-0.078363374,-0.1357232,0.024910428,0.13102262,-0.11994254,-0.15074421,0.19620149,0.1435943,-0.05974243,0.14542848,-0.09057972,0.0073781563,-0.054177336,-0.06392515,-0.07735284,-0.056691773,-0.27923855,0.112737834,-0.0778385,0.07284518,0.033196963,0.18936607,-0.14583123,-0.006058928,0.035395928,-0.23841687,-0.097343825,-0.020308156,0.104102276,0.024313873,-0.12798886,-0.16816323,-0.12476562,-0.073856525,0.027936764,0.06800569,-0.0494052,-0.08129942,-0.08453416,-0.07878051,-0.13704538,-0.13309099,-0.13332538,0.08743333,0.11748907,0.15818864,0.050727885,0.07397358,-0.16800168,0.13224678,0.14951381,0.0006787709,0.11247981,0.103668146,0.0971546,0.086961396,0.022081122,-0.07484034,-0.122191325,0.11189929,0.07255406,-0.16491213,0.058285434,-0.2854564,-0.098630905,-0.16665123,0.14063543,0.15722433,0.06728032,0.00016422506,0.10367799,0.0453501,0.21554306,0.09126,0.013273184,0.21730003,0.0950949,0.10600782
8,0.017189581,0.17511703,0.063509986,0.1130512,-0.10759388,0.14006893,-0.03838663,0.15559198,0.13327777,0.18421526,-0.011791149,0.17745787,0.05631843,0.14205992,0.15779445,0.10587087,0.12085334,0.09767557,0.014792041,0.06469543,0.014428121,-0.13989677,-0.0827601,-0.05883719,-0.19805656,-0.12798038,0.10310907,0.10224421,-0.13809392,0.10994506,-0.039461553,-0.002655905,-0.07749893,0.11833017,0.02800256,0.11795588,-0.13274525,-0.22989312,0.0068184203,-0.0051513286,-0.10885183,0.18804772,-0.07194625,-0.071491264,-0.07876459,0.14555086,-0.103576995,0.0939382,-0.07358049,0.02170134,0.17938277,0.03810186,0.089259766,-0.10541589,-0.14394544,0.06334368,-0.19635354,0.14952976,0.031903744,0.018846557,-0.113970235,0.12625393,-0.14420164,-0.09925974,0.044002905,0.07489737,-0.169392,-0.0047369776,0.12232782,-0.067148745,-0.05568069,0.14775382,0.1521395,-0.13135329,0.14837088,-0.034184307,0.032639425,0.20251513,-0.18300809,-0.1397256,-0.031272657,0.09386876,-0.16087055,0.106593244,0.12149149,-0.020165378,0.05563252,0.14280872,0.07991756,0.056904618,-0.044561584,-0.14785358,0.13719667,0.13619542,-0.11813785,0.12847735,0.19815747,-0.08429977,-0.087083295,0.06733819
9,-0.14686427,0.029932246,-0.018220969,0.08398756,0.019879809,0.12092224,-0.1603801,-0.29237738,-0.053855184,-0.0621922,0.042535245,0.13660114,-0.01506526,-0.09266729,0.020537155,-0.18990244,-0.0155938575,0.02025437,0.05135098,-0.17512634,0.02398061,-0.22231634,-0.055954143,0.007645482,0.032295868,-0.13744886,0.18829267,0.09393323,0.116487086,-0.036452908,0.12854768,0.0041273553,-0.114999846,-0.12963969,-0.08980308,-0.027638966,-0.23170945,-0.09663433,0.08772217,-0.058008008,0.04297025,-0.14183426,-0.18429337,0.11480402,-0.18511899,-0.11203126,0.058488358,0.013742274,-0.111402944,-0.11823522,-0.09339315,-0.13307135,-0.08711391,0.090201825,-0.029066093,0.06845933,0.11596089,-0.1810758,-0.2247985,0.08604516,-0.10465211,-0.107801095,-0.23069957,-0.010678303,0.07058333,-0.11315186,-0.12546039,0.14812446,0.029412005,-0.020733416,-0.33181682,-0.14187133,-0.020394944,-0.22578248,-0.046411853,-0.143353,-0.11915452,0.031674955,-0.0086646415,-0.2248984,-0.19812459,0.03742787,0.07567947,-0.33640555,0.07137829,0.025880499,-0.08557659,0.104784034,-0.15419847,-0.091596894,0.08558529,-0.14830768,0.03945719,0.14740863,-0.06594611,-0.047536034,-0.11921183,-0.13067952,0.045589864,0.04018184
10,-0.18833584,0.1602667,-0.006212766,0.05878699,0.015903885,-0.033340015,-0.07858319,0.16343273,0.1581069,-0.09780698,-0.19069448,0.19347577,-0.07153845,-0.15740623,0.08547308,-0.14398454,-0.25537136,0.06106446,0.0025260486,-0.10687764,0.07045936,0.13743992,0.019159207,0.22818325,0.39815775,0.15000057,0.011961564,-0.11237744,-0.03417712,-0.06314807,-0.02733527,0.19368628,0.07463007,-0.18664238,0.076705456,0.017664092,0.0139693385,-0.09044678,0.3489001,-0.14928037,0.01918675,0.13535376,0.10643401,0.10274884,0.03140525,0.088018425,0.045820154,-0.010570196,-0.010325784,0.23436911,0.26422554,0.06102833,0.12667114,0.14598359,-0.094881974,0.052732393,-0.015110755,0.043872796,-0.1900667,0.14128192,0.011733321,-0.07595587,-0.009726453,-0.26309282,0.07073488,0.077812806,0.005884246,-0.008429739,-0.09965275,-0.06920446,0.125665,0.24988887,0.21252489,0.3654152,-0.09852646,0.2652609,0.04413601,0.09750042,-0.20680442,0.14709786,-0.026082769,0.08618602,-0.03248892,-0.10496191,-0.13319463,0.03114494,0.052050296,0.23485039,0.025976194,-0.111300156,-0.057312064,0.107155,-0.12654172,-0.08615205,0.17063436,-0.09770087,0.03101693,0.03659975,0.021765199,0.19021773
11,0.004838806,0.071638145,0.14196517,-0.23304543,0.18756534,0.13532737,0.05880609,-0.018646061,0.1477761,-0.06680212,-0.0029518376,-0.02066486,0.054465216,-0.06729824,0.057847854,-0.17008865,-0.074159816,0.21154308,-0.045356296,0.013598817,-0.05181744,-0.028435089,0.026421638,-0.10294854,-0.17612876,0.09002842,0.021834403,0.108778834,0.15609892,0.10192381,0.008454427,0.021591533,-0.06961182,0.124508895,0.0789308,0.05176675,0.04439246,0.12038142,0.092708744,-0.13601208,0.23432569,-0.06302,-0.10074662,0.09681084,0.14939606,0.02470826,-0.17947102,-0.20316882,0.21665706,0.19092491,-0.119298324,0.06094299,0.123545386,0.009209569,-0.12616798,0.20965958,0.060042076,-0.06283853,0.18629569,0.17949684,-0.04215314,0.017524362,-0.036329962,0.20252268,-0.09460358,-0.15214157,-0.042788308,0.33441132,-0.17729175,0.11335188,0.023868684,-0.045206178,-0.019712342,-0.13676122,0.1257036,0.2100333,0.19608413,-0.02758225,0.12147244,-0.19860736,0.043137763,-0.16855547,-0.07445298,0.1656274,0.111938156,-0.28899497,0.118960224,0.00092369266,0.04053231,-0.004764256,0.12819874,-0.021506108,0.12547329,0.19311474,0.053896353,0.030245248,0.00208522,-0.11913021,0.076911174,0.050602276
12,-0.13659851,-0.048865035,-0.18099745,0.036753114,0.0773421,-0.16182339,0.1384476,-0.0710515,0.15085472,0.034195703,0.035259884,0.1135155,0.15608016,-0.06133606,0.049835145,-0.033818696,0.0548825,0.12496011,0.070221804,-0.19370751,-0.13052331,-0.13576871,-0.15749879,-0.19322889,-0.24832289,0.07249307,0.05573867,0.14927861,0.04107459,0.07435489,0.008900547,-0.04873064,0.0016606547,0.013160155,-0.15132312,0.14863163,-0.2149991,-0.041901167,-0.10751224,-0.15873317,-0.07765393,-0.08951395,-0.10447166,-0.068749644,0.122440495,0.11071613,-0.058394805,0.29051948,-0.006999277,-0.07926734,0.0036726885,-0.05092445,0.0025466348,-0.04342373,-0.0932272,0.22348899,-0.032203298,0.15675607,-0.11761914,-0.16345806,0.072466284,0.12002772,0.1673295,0.05248496,-0.1777074,-0.114866875,-0.04528788,-0.20987856,0.100710034,-0.102528185,0.013010062,0.12019527,-0.121501714,-0.10224196,0.032591984,-0.13648355,-0.12933046,-0.07194983,-0.031708818,-0.25954226,-0.09567709,-0.140672,-0.07010807,0.16386324,0.17266811,0.037068903,-0.010473272,-0.17673995,-0.047712427,-0.1272726,0.13753828,-0.12949501,-0.14059144,0.13073021,-0.10472052,0.023732089,0.07906203,-0.089692585,-0.035193298,0.09862893
13,0.092290565,0.11618406,-0.13946679,0.12944816,-0.05424574,0.038352676,-0.09669648,0.17771392,-0.15295687,-0.012482466,-0.19102062,0.12759003,0.06571028,0.08844079,-0.07439087,0.04670188,-0.16402663,0.2530572,-0.04041454,-0.032988552,0.07935977,-0.15042672,0.16944759,0.11151605,-0.0040477985,0.13441582,-0.015405241,0.00058985467,0.19384488,-0.14124012,-0.027929576,0.14401971,-0.015382047,0.17859618,0.06235683,0.100650884,-0.16154206,0.101420686,-0.01590826,0.077190585,-0.07062641,-0.08729941,-0.029355304,-0.018681044,-0.21996689,0.15456937,-0.14365561,0.027624879,-0.048306853,0.053055864,-0.0044764653,0.05238424,0.09439181,-0.115665875,-0.11643753,-0.10221948,0.05739496,-0.12889406,0.058493044,-0.040512696,-0.10111248,0.0032304705,-0.009477586,0.079404026,-0.1283584,-0.028614255,0.052208524,-0.006379939,0.1349823,-0.0033612598,-0.064085945,0.1984821,-0.115571216,-0.21920195,0.09253969,-0.14106369,-0.13650954,-0.13172382,0.12258676,0.07898925,-0.05224361,-0.0036531573,-0.16458991,-0.03842349,-0.060599774,0.18800932,-0.03347302,0.184314,-0.040963184,-0.07872308,0.11629725,0.038436573,-0.18779773,0.08208111,0.051835272,0.033104073,-0.120974295,0.15770993,-0.15403731,0.105900414
14,-0.035583466,0.1768848,-0.06478138,0.019343479,0.059448604,0.034481507,-0.020055365,-0.14322771,0.012886008,0.13933335,-0.09837505,0.030791575,-0.018428441,-0.008588301,-0.05355878,0.10078572,-0.21830688,0.11017142,-0.028332055,-0.07771723,0.07704085,0.078245245,0.16736643,0.05567717,0.16881828,-0.067225136,-0.11406765,0.012779509,0.1442978,0.043051623,0.0110876765,-0.074078225,0.10394754,0.094437785,0.011874613,0.08681114,0.039103374,0.0025535964,-0.08239521,-0.044841982,0.011049514,0.15356344,-0.023949154,0.08356716,-0.15196998,0.115806624,-0.11867083,0.17115328,0.03747538,0.002477262,-0.024601823,0.052532494,0.020196179,0.14129595,0.086990215,-0.23686108,-0.023388367,0.13582829,0.11096992,-0.06879904,0.045713414,-0.11681867,0.22155985,-0.072957955,-0.11160699,0.12851708,-0.049344223,-0.066010356,-0.13735867,0.10543528,0.09216983,0.035488807,-0.003793543,0.21258828,-0.10624394,0.13390736,0.058539916,0.17084526,0.11586538,-0.12590012,-0.020718934,0.07328572,0.092217155,0.028682986,-0.014296899,0.042980593,-0.22883339,0.15525287,-0.16658027,0.086034745,-0.1375039,0.15009502,0.079002514,-0.12524723,-0.1088978,-0.006605983,0.07524318,0.18687367,0.21258974,-0.08513523
15,0.11900708,0.021182755,-0.2198992,-0.074860916,0.052609123,0.09243256,0.08885108,0.093936786,0.065279394,0.15401286,0.037914902,-0.16989912,-0.0031450281,-0.0026049481,-0.060340066,-0.12468912,0.10243852,-0.037612736,-0.199157,0.01660836,-0.058310393,0.18051587,0.030270983,0.11917876,-0.03603124,0.12769389,-0.052726828,0.13273653,0.034017578,-0.0070598153,-0.057583805,0.15096453,-0.09742858,0.22629444,0.19369473,0.032460116,-0.07675985,0.022265596,-0.123132005,-0.03890273,-0.0029397837,0.17043966,-0.12120029,-0.033594344,-0.037557054,0.004575474,-0.17172593,0.17421629,0.1691938,0.088961855,-0.057668827,-0.065372534,-0.14893037,0.13490707,-0.024009593,-0.14836818,-0.073186405,0.15460567,-0.052532118,-0.19927056,-0.13854784,0.01405795,-0.038618956,-0.2392736,-0.1598896,-0.03469207,0.08705015,-0.021306515,-0.08651118,0.10488136,-0.10290055,-0.16147964,0.1327804,0.16754255,-0.0921363,-0.15125708,-0.12603994,-0.083997115,0.12335494,0.030757504,-0.19760609,-0.00566818,0.10046161,-0.043674394,-0.13512884,0.18628569,-0.22381325,0.08008938,-0.051688734,0.08779789,-0.0069086975,-0.110914014,-0.15553623,0.013548955,0.21930452,-0.17109698,-0.011961963,-0.026555672,0.037477523,-0.102498434
16,0.025744814,0.08080137,-0.24774586,0.055821538,0.0060775653,0.003051087,-0.05327239,-0.19008455,0.082114376,0.16515812,0.05624074,-0.09217229,0.18470947,0.12971173,0.13888416,-0.07059667,0.11146776,-0.15023845,-0.047091693,-0.18232375,0.0707642,-0.062291138,0.09882247,-0.26339507,0.007034078,0.15216717,-0.12701589,-0.12508361,-0.117655605,0.11554468,0.07478294,0.11085335,0.073385134,0.13171111,0.09472952,0.043623608,-0.03640795,-0.03774676,-0.12895277,0.0022170253,0.19244024,0.02717915,-0.025667343,0.025070792,-0.020527987,-0.11392557,-0.010132843,-0.1556751,-0.0964361,-0.25200498,-0.11838183,-0.021540454,-0.009794623,0.11037513,0.074269384,-0.018676816,-0.18415192,0.06719897,-0.1556587,-0.32819661,0.048581693,-0.18606924,-0.13261333,-0.077581346,-0.031665932,0.081698254,-0.109418124,-0.34547868,0.1693807,-0.015324808,0.009467196,-0.16544107,-0.11858277,-0.13928975,-0.0920996,-0.1342612,-0.14894599,-0.0926901,0.025639452,0.033851597,-0.08229013,0.05349087,0.20455188,-0.16052644,-0.032028325,0.24888203,-0.09348863,-0.06733614,0.1646667,-0.015512837,-0.012836034,0.0015972422,-0.08693851,-0.02028623,0.028278146,0.09077197,-0.1446776,0.19247188,0.11344026,0.029193176
17,-0.13502437,0.36077243,0.11623094,0.16631185,-0.042302318,-0.063340664,-0.1057298,0.03304491,-0.12046612,0.096171625,0.081747815,-0.0073900027,-0.14430664,0.13951331,-0.18280932,-0.060841046,-0.16582632,0.21289976,0.26144788,-0.05120315,0.11733171,-0.21058805,0.005876775,-0.09536488,0.12039371,0.087751575,-0.103333786,-0.102900274,-0.0224701,-0.06271329,0.076110534,-0.11325246,-0.11197093,0.21432859,-0.22062743,0.045158487,-0.06915109,0.019161923,0.17325568,0.017483244,0.012975462,0.048841786,-0.16161507,-0.043450397,0.007175973,-0.1422966,-0.060725726,0.08747413,-0.12759268,0.006274442,0.20490594,-0.050476473,0.053948797,-0.18943702,-0.13992026,0.11292885,0.06811398,0.04843472,0.068241335,0.05296056,-0.26964796,-0.14830184,0.094157174,-0.18673864,-0.12394035,-0.20653245,-0.10731139,-0.029138053,0.17066108,0.19430457,-0.1654893,0.16558222,0.017213224,0.2295694,0.0067705507,-0.118080996,0.23226976,0.047337964,-0.02680724,-0.027897703,-0.029260157,-0.08379847,-0.0021864963,-0.005739648,-0.0484273,0.13379069,-0.106208794,0.05614628,-0.043097913,-0.11906261,0.022894673,-0.11336114,-0.13333753,0.18425098,-0.15580732,-0.14949343,0.020029819,-0.061129823,-0.09069248,0.024096796
18,0.112071395,-0.16815099,-0.0047750706,0.04399882,0.15946475,0.026047723,0.004319446,0.12409012,-0.10013832,-0.17041534,-0.17318857,-0.09594523,0.12962404,0.016137226,-0.12973793,-0.005385503,0.1768813,-0.119685575,-0.137908,-0.06561907,-0.20061657,0.11679792,0.07346649,-0.18412519,-0.2802646,0.07098617,-0.065204345,0.09516695,-0.08485829,0.03539371,-0.07730595,-0.06925001,0.02696402,-0.14446098,0.05089873,-0.11250177,-0.22818463,0.037419345,-0.17163956,-0.0827626,0.06508284,-0.030271737,-0.10985108,0.06107088,0.23787187,-0.058185954,-0.1757453,0.037662555,0.04154023,-0.32224968,-0.14472254,0.1262069,-0.047008637,0.15001263,-0.0039701215,0.016930358,0.007255357,0.0984246,0.09152085,0.05789846,0.16535908,-0.0051000216,0.15799542,0.18103924,0.06802063,-0.00939999,0.15304404,-0.23974691,-0.19435503,-0.08707271,0.03585476,-0.093073644,0.12945785,0.046983235,-0.1282321,0.007986147,-0.05113565,-0.055166714,-0.14576298,-0.24207433,0.08137978,-0.17708196,-0.15418793,0.05426688,-0.067770585,0.2042949,0.084631,-0.015289231,-0.14432885,0.1396898,-0.03810965,-0.043012064,0.02097381,-0.15791585,-0.12785123,0.05504936,-0.116779484,-0.052207563,-0.114286974,0.09094882
19,-0.06526853,0.057228718,0.012751373,-0.1374404,-0.06571791,0.061366845,-0.15005644,0.07056089,-0.16871302,0.1419353,0.08586693,-0.029705213,0.18274677,0.11203632,-0.13408461,0.063582785,0.19119623,-0.0337256,0.21292427,0.022493405,-0.03587988,-0.124021105,0.03911898,-0.046569217,0.00091196026,0.13317947,-0.18327269,-0.15618163,-0.1903492,-0.15767112,0.036016155,-0.0040984815,-0.17853235,-0.081905894,-0.050990045,-0.12630394,-0.18190727,-0.1727804,-0.17623831,0.043740187,-0.019278646,-0.06942037,0.09651566,0.020366138,-0.008252985,-0.02111892,0.007428276,0.16931045,-0.014504573,-0.16800055,0.022876326,-0.08432791,-0.004859181,-0.07451539,-0.042212132,-0.06552233,-0.00812108,0.018739056,-0.07353687,0.08025844,-0.017449556,0.11062948,-0.062334824,0.15570542,0.0043023992,0.07381701,0.0041055204,-0.10705337,-0.021837723,0.15557833,0.047011998,0.10934777,0.12636189,-0.094663434,0.038425643,-0.08717713,-0.11323877,0.087859355,-0.1827751,-0.065209985,-0.012270371,0.14624406,-0.024915108,-0.17829551,-0.0532627,0.09174721,-0.11574395,-0.17665166,0.110953175,0.099552795,-0.10512881,0.12514192,-0.10209582,0.11088005,0.17731488,0.10280255,-0.16252103,-0.025496546,-0.066615686,-0.060131177
20,-0.18719152,-0.14292686,0.018254405,0.033607513,-0.03680109,0.014972158,-0.01651669,-0.051276367,-0.041964404,-0.10884191,0.009235069,-0.07465976,-0.21013539,0.12971556,0.047676608,-0.14689288,0.05697758,0.08300832,-0.053374078,-0.13689014,0.1584322,-0.06418427,0.034308657,-0.09878984,-0.21354242,-0.05186244,-0.05962363,-0.15747939,-0.18467778,-0.003844976,0.010623589,-0.029848682,0.054306976,-0.031194882,0.0048817387,-0.20119126,-0.13174431,-0.016729899,0.19579342,-0.05702386,-0.13272418,0.016891677,0.004046121,-0.13651878,-0.1485796,0.055696826,-0.10122947,0.16049083,-0.08345426,0.05008079,-0.19455747,-0.054740794,-0.23074898,0.054180235,-0.17194696,0.010259778,0.021151433,-0.043802477,-0.058793962,-0.15587825,0.18397336,0.16466184,-0.2189643,0.11998091,0.091094755,-0.08260491,0.013478392,0.019266067,0.029378314,0.029324308,-0.1393276,0.0156143345,-0.015482444,-0.069794446,-0.2266251,-0.011602605,0.10234032,0.04101965,-0.1471749,-0.035928678,-0.18474753,-0.1551345,0.026260318,-0.19362627,-0.30985722,-0.17334755,-0.10127449,0.048933182,0.10339827,-0.10971254,0.15998682,-0.09245562,0.051115323,-0.16745982,-0.20525484,0.029198622,0.03245414,-0.058392942,-0.16993247,-0.025003094
21,-0.06368168,0.11417016,-0.024122728,-0.15964285,-0.1316642,-0.15925239,0.06811383,-0.0026660787,-0.14070958,-0.035769034,0.030897073,0.07913193,0.10579548,0.01283162,-0.07298107,0.21659538,-0.113920614,0.0011554384,-0.080541275,-0.0059538037,0.030145045,-0.10025428,-0.06503097,-0.14101304,-0.07878143,-0.15602614,-0.078168,0.22749053,-0.012356739,-0.050261308,0.034053113,0.033365075,0.08841833,-0.037623513,-0.11808686,-0.054785773,0.11188499,-0.1335243,0.095217936,-0.019951744,0.062521435,0.08446263,-0.12161367,-0.1446127,-0.18568914,0.18116859,0.089323804,-0.010922729,0.11668347,0.16197172,-0.14865649,0.35717642,0.15252784,0.080889516,-0.032700952,-0.018936869,0.17610921,-0.025263144,0.05099345,0.12968665,0.13971236,0.13874431,-0.15143831,0.11112051,-0.099907316,-0.009772306,0.1443264,0.16057675,-0.09569536,0.1535873,0.24580866,0.096982196,0.057173587,-0.057333,-0.021655623,-0.10718827,-0.024078537,0.10047267,-0.022104934,-0.022717418,0.05262555,-0.14018023,-0.04416818,0.116410516,-0.05892343,0.007986525,0.02553153,0.19848476,-0.093695946,0.10857759,0.01969435,-0.1283647,-0.04470141,0.12900646,0.07004946,0.113077834,0.14119928,-0.06459208,-0.03405391,-0.045121145
22,-0.07162651,0.23377647,0.0018238048,-0.15460244,-0.025859388,-0.11620008,-0.19236657,-0.3091162,0.21748611,-0.002620076,0.025167564,-0.09641346,0.019441172,-0.039172202,0.07296557,-0.090244874,-0.0009985748,0.051966894,-0.101455614,0.14889184,-0.11993798,-0.19761698,-0.1513735,0.06199644,-0.15461071,-0.06611477,0.009868879,-0.0725692,0.048718393,0.086243294,0.14833093,0.1064486,-0.1656878,-0.14942278,-0.0014985071,-0.1272422,-0.19555414,0.14755248,0.070145495,-0.08467697,0.023001883,-0.054591678,-0.14171001,0.01927873,0.03364484,0.0073869065,-0.22079708,-0.18090098,-0.17710248,0.049436986,-0.14356418,-0.18188499,-0.16092405,0.053212404,-0.038883954,0.27110183,-0.094717816,-0.15919952,-0.17983742,0.0594856,-0.06364015,-0.019830463,-0.29333726,0.104778916,-0.23087932,-0.026759459,-0.15192628,0.19999453,-0.20580062,-0.11262177,0.11639572,-0.046812523,-0.058865424,0.24935444,-0.09277785,-0.08122921,0.11572152,0.14041887,-0.08143706,-0.14674999,-0.077966064,0.08838983,-0.100194804,0.004744351,0.028619634,-0.4854172,-0.17455435,-0.13781336,-0.07980935,-0.2671361,-0.081674926,-0.2078742,-0.13528037,-0.21620098,0.07010255,0.08160915,-0.22525792,-0.1732061,-0.10414246,-0.003939948
23,-0.1582767,-0.16412866,0.12596346,0.099367,-0.075996175,0.08436306,-0.045148153,-0.07794985,-0.21029918,0.022856008,-0.11609495,0.06457093,-0.04142041,-0.011689687,0.16553202,-0.12397339,0.027859477,-0.016217295,-0.12769179,-0.023110509,0.0033410143,-0.0914376,-0.014976404,-0.18875425,0.037291214,0.057098083,0.04628121,-0.08130737,0.107330464,-0.10451065,0.008594225,0.055304494,-0.16670826,-0.033798873,0.06883876,0.06712067,0.11284868,0.0752293,-0.24171914,0.051852234,0.15980731,-0.027362376,0.008959155,0.1699495,0.21582776,-0.11272576,-0.165831,-0.12550828,-0.040156353,-0.1130228,-0.058695965,-0.11290598,0.00040434985,-0.01950856,0.13201079,-0.0462757,0.11129876,0.0097283805,-0.1678304,-0.14372338,0.04086873,-0.08797398,0.055102784,0.15802996,-0.17288247,0.10548765,0.08896694,-0.31419304,0.14081433,0.0562638,-0.213499,-0.19602807,0.06865883,0.15682457,-0.0647117,0.1598594,0.02950175,-0.02743733,0.05867106,-0.1328296,-0.06766372,-0.01622514,-0.030467598,-0.21956183,-0.18479283,0.041113637,-0.17905164,0.04559166,0.11175957,-0.11888077,-0.04984981,0.019390658,-0.04716753,0.09596157,0.08857919,0.077716425,0.01774757,0.13111196,0.054243993,-0.0339178
24,0.066932544,0.0017160504,-0.067652464,0.21229021,0.039030597,-0.13765104,0.12534817,-0.13066371,0.094855726,-0.103211954,0.078360505,-0.051298104,0.13220766,0.032054987,-0.016038535,0.012579504,0.18008797,0.05726063,0.09631794,-0.10329912,-0.097204365,-0.031706333,0.013505163,0.22971365,0.08623412,-0.1019018,-0.028757768,-0.12466758,0.1685561,0.07048507,0.051787894,0.1156714,0.09337897,0.22638361,-0.013346639,-0.06906345,0.024307342,0.06873203,0.22785027,-0.07874862,0.18630512,-0.11595273,-0.08325964,-0.11384954,0.10930408,0.055708066,0.007721238,-0.05649589,0.07110341,-0.002242368,0.000115146075,-0.056311883,-0.11842542,0.16465428,-0.17470168,0.22480933,-0.1722242,0.09389025,-0.15169308,-0.056454174,-0.059429385,0.10318939,-0.008028618,-0.061537232,-0.062184356,-0.101178706,-0.14173667,-0.21660133,-0.16707629,0.07147889,0.135265,-0.04512191,-0.1000012,-0.16674072,0.0010094724,-0.10358893,-0.22787797,0.16986221,-0.17471327,0.091588624,-0.0797329,-0.06797065,-0.075990126,-0.062481076,-0.021410793,0.29998395,-0.14391914,-0.027372228,0.054963037,-0.19721147,0.01820858,-0.06248223,0.09696004,-0.094567396,-0.034480937,0.052726656,0.061441828,-0.038694464,0.00024215464,0.018207576
25,0.048014004,0.23621464,0.20966007,0.02738681,-0.0005583051,0.011325431,-0.10347367,0.22709596,-0.017380212,0.1092679,0.14266983,-0.024699377,0.0965026,0.06745045,0.17299914,-0.050008375,0.13633132,0.13129093,-0.18700476,0.12644699,0.058500633,0.01726934,0.18248881,-0.04774594,0.055094175,0.13712682,0.067303486,0.12021897,0.09007518,-0.09047655,0.10686407,0.12513244,0.035973832,0.022258906,0.087786235,0.08699996,0.0832761,-0.2227255,0.013111255,0.122122236,-0.024380352,0.047976088,-0.001436694,-0.056502484,-0.13118537,-0.11769601,0.09277577,-0.01733424,0.08272629,0.1488402,-0.031069564,0.074673064,0.20217225,0.20443362,-0.0478038,-0.10936131,0.10004805,0.10996343,-0.10222485,0.18270418,-0.0076498757,0.080252215,0.124546364,-0.043389235,0.026509985,0.06484293,0.10354844,0.026132157,-0.12194994,-0.13127874,0.116329655,0.017613033,-0.021716686,-0.12635854,0.26947227,0.03301841,-0.09911467,-0.11971589,-0.053156335,-0.20427738,0.14000161,0.016551964,-0.091220185,-0.039804753,0.16975117,-0.022352185,0.095946774,0.094879225,-0.04816741,-0.12031721,0.06867327,0.06800387,-0.018558424,-0.0075561036,0.13720302,0.08692362,0.055176828,0.17066243,-0.12796223,-0.032742687
26,0.03129028,-0.013272085,0.23552258,-0.0018496893,-0.03678047,0.14482187,-0.23315574,-0.0718385,-0.1487518,0.2009994,0.075546235,-0.24168561,-0.04753391,0.023878403,0.051106416,0.06348486,0.05846406,0.06785689,0.05273215,0.1616663,-0.016662903,-0.13201602,0.0041575953,-0.11395869,-0.21320677,-0.032254823,0.13867761,-0.054579332,-0.004433669,0.04901447,-0.10873853,0.015070698,-0.12536697,-0.051010933,-0.027214138,0.19372047,-0.056616355,0.19534948,-0.1851502,0.16629648,0.20719327,0.13353829,-0.06752107,-0.082695305,0.10947383,-0.15809764,-0.14025417,-0.20616668,0.047913093,0.120962545,0.15019858,0.08921139,0.2167725,-0.08493715,0.1138836,0.11906093,-0.19840094,-0.058258045,-0.11669447,-0.08452945,0.14183931,-0.07762826,-0.13806705,0.266605,-0.12851308,0.08468411,-0.05217889,-0.017967844,-0.046257917,-0.035464562,0.044109657,0.113954715,-0.0066833985,0.033318773,-0.00053916895,0.025086775,0.098373406,-0.07953218,0.0059402455,0.0055731623,0.0066661374,0.19625178,0.17234364,0.11568248,0.041464325,0.20962133,0.060906306,0.021484127,-0.1932325,0.0681386,-0.038647253,-0.18263674,-0.045605753,0.1482784,0.04649057,0.09171483,0.14595948,-0.121387415,0.023517054,0.084566735
27,-0.13113733,0.030598292,-0.25784814,0.13295205,0.10021879,-0.19878216,0.035760246,0.056839902,-0.020874748,0.036309663,0.058685396,-0.01594241,-0.050061125,0.04780996,-0.0041075842,0.09174674,-0.06504943,-0.26958296,-0.11892233,-0.29297778,0.026108855,0.0490292,0.09074251,-0.21177584,-0.2126568,0.045284145,0.0004149171,-0.13300492,-0.018606745,-0.009811183,-0.056827713,0.08294783,0.066897504,0.04662986,-0.054424785,-0.09636763,-0.11437129,-0.08234217,-0.110472016,-0.036890462,0.0664105,0.05158457,0.1979361,-0.070979916,0.11958212,-0.1610197,-0.22860964,-0.15822442,0.0310878,-0.14201307,-0.14899534,-0.098510094,-0.030938115,-0.097023115,-0.13428673,-0.04729489,0.13810661,0.09575725,0.06296043,-0.27370977,-0.10406522,0.011739903,0.14025432,0.092142165,-0.15081418,0.1427264,-0.08670505,-0.34840658,0.12166972,-0.11143257,-0.17683375,0.088549994,0.016337503,-0.07775364,0.007911322,-0.09774544,-0.05303946,0.04857887,0.17953499,-0.25069505,0.11338647,0.1169517,0.056462817,-0.040256396,0.080421336,0.23256192,-0.16500062,0.1237594,0.00054552744,0.10593017,-0.049912218,-0.10783415,0.049414624,-0.09144864,-0.09679419,-0.18587075,0.10388716,-0.1642298,-0.0064775855,0.04634894
28,-0.09455308,0.103262834,-0.08889165,-0.18616873,-0.12061499,0.110664815,0.1282286,-0.09203586,0.034133933,0.07717813,0.113429025,-0.13240363,-0.12448368,-0.123598054,0.077247314,-0.107677035,0.17662632,-0.0877457,-0.2302864,0.019878328,0.01965975,0.11625557,0.106450774,-0.01981853,-0.15141596,0.10626037,0.13939317,0.19330327,-0.0803502,-0.12881222,0.016145281,0.12985587,-0.064005665,-0.16074972,0.08941532,0.15543145,-0.1250088,0.041949842,-0.18148714,-0.104153626,0.008600474,0.18118499,-0.057824116,0.09054843,0.027744714,-0.013992453,0.120507754,-0.065863304,-0.07175079,0.11671889,-0.086479284,-0.0043615354,-0.08568332,-0.14184137,-0.03970803,0.15741771,0.109856874,-0.17281032,-0.07096954,0.034800794,-0.009249195,0.066357635,0.08220093,0.07554325,0.06868858,-0.070702225,-0.006522789,0.17118205,-0.035884716,0.037824254,0.13381855,-0.21528508,0.14306825,-0.13054608,0.044463515,0.037460085,0.20614165,0.086135775,0.012846571,-0.055749275,-0.04027881,-0.11251361,-0.042952415,0.18358022,0.24057923,-0.25352138,-0.2038422,-0.2210772,-0.02065681,-0.021889202,-0.07651244,-0.08800167,0.20284751,0.13254815,0.1869886,0.14649992,-0.07444172,-0.08920601,0.061488405,-0.01968281
29,-0.1935307,-0.13079448,-0.1671969,-0.10133175,-0.049135607,0.1486842,0.0045126076,-0.013444993,0.12004962,-0.06427557,-0.07564176,0.022142125,-0.13004528,-0.1232788,-0.049471684,0.060351633,0.060046546,-0.08169282,0.17938355,0.15848556,0.20769666,0.18833132,-0.122668356,0.03552033,-0.040660232,-0.12483236,0.0022017455,0.07980234,-0.031665105,-0.00016353835,-0.21962857,-0.070739165,0.08537166,-0.042632855,0.09871532,-0.15415922,0.0048725344,-0.25500196,0.009705748,0.058989078,0.11192787,-0.08016979,-0.010644877,0.09211943,0.036979042,0.021228766,0.06423502,0.0039013515,-0.00069743063,-0.12282985,-0.14150484,0.06158889,-0.0635497,0.04852539,-0.21273366,0.10427364,0.02524648,-0.022539712,-0.2069268,-0.15722096,-0.15381373,-0.07052847,-0.09764572,-0.12594324,-0.14258356,-0.14590631,0.086067915,-0.13011836,0.10208441,-0.14620578,0.17584825,0.076399945,-0.00760009,-0.12779485,-0.1204054,-0.10582766,0.07199207,-0.028617013,-0.10460394,0.015958412,0.0039328337,-0.25492585,0.032984495,0.07774299,-0.16121085,0.06458291,0.04685605,-0.13144119,0.14578545,0.054995872,-0.028409235,0.03619674,0.015179796,-0.16277339,0.030799322,0.0029740422,0.16774546,-0.08795199,0.04962218,0.118193924
30,0.15068626,0.19741152,0.123884246,-0.1405099,0.05585896,0.07590148,-0.004706585,-0.077960216,0.23009698,-0.14062706,-0.13366255,-0.17342304,-0.11846393,-0.1698622,-0.08575998,0.05121735,-0.20948404,0.07014069,0.028238023,0.019178167,0.09774217,-0.011114727,0.028919676,0.18845627,-0.038235303,0.0072586704,-0.10228799,-0.024515493,-0.059327252,0.046172816,0.073186785,0.19546625,0.14082028,-0.055919845,0.15443689,-0.084016554,0.121970974,-0.087242626,0.17032737,0.17426984,-0.12485894,0.07959093,0.20516351,-0.018707797,-0.04109581,0.14708884,0.024614783,0.018366264,0.20700175,-0.0039429534,0.09575291,0.03592818,0.059552632,0.053620785,0.15344079,0.12092055,-0.077139154,0.13924652,0.12611546,0.23120818,-0.18521963,-0.0792038,0.017509777,0.017413577,0.10185311,0.109132774,0.07479606,0.10483124,0.10781747,0.12992044,-0.082201034,-0.05206639,-0.02563578,0.16591544,0.07315072,0.16908857,0.12980007,-0.14511232,0.03105771,0.15287405,-0.08454602,-0.15995814,0.02069184,-0.09173366,0.15681006,0.0943984,0.065275654,-0.1066832,0.07840536,0.04687138,0.020926636,0.09971237,-0.10697947,0.16789952,0.1710056,-0.02227497,0.15807272,0.07323307,0.0025173111,0.07361637
31,-0.076880515,-0.020536104,0.01637277,0.107911415,-0.015954405,-0.10859912,-0.013698804,0.12800407,-0.043144323,0.07533325,-0.06863959,0.07885067,-0.020031523,0.06378139,0.17864434,-0.10088385,-0.14211974,-0.098236404,0.12726524,-0.31553146,-0.113130696,-0.17565964,-0.06833018,0.04916251,0.22715725,0.12586804,0.080242425,-0.0061038835,0.0708518,0.20853503,-0.061769515,-0.23343077,0.06469649,-0.00091331213,-0.077671796,-0.0036990487,0.32390946,0.00020443439,-0.10047811,-0.10065198,-0.14895491,-0.16737188,-0.09849213,-0.28559655,0.033726633,-0.03853774,0.21467634,-0.042434838,-0.06377786,0.02961783,0.09622141,-0.20593522,-0.19100395,-0.032582775,-0.031330373,0.123636134,0.04320435,0.15182371,0.065686695,-0.122101516,0.1386905,-0.1341218,0.01982211,0.1929939,-0.05959206,0.1733027,0.028041247,-0.22495486,-0.17770118,0.06595411,-0.054430142,0.10977844,-0.17052545,0.24050008,0.026138106,0.21223871,-0.117612295,-0.09061535,0.15283468,0.2206488,0.0650193,0.21769342,-0.17083748,0.13992159,0.021420915,0.20417199,-0.10957859,0.22325416,0.05050036,0.0014677419,-0.029269459,0.0530177,-0.16341373,-0.121652156,-0.19672081,-0.15434846,-0.19041924,-0.015038044,-0.052692413,0.117426135
32,0.0017574987,-0.028257938,-0.063952,-0.13054433,0.035022162,-0.23346443,0.1766058,-8.019516e-05,-0.07530515,-0.13760316,0.04763128,-0.1716309,-0.0046253945,0.14423168,0.0056813373,-0.08491459,0.033290148,-0.27513635,-0.03919139,-0.013267109,-0.23337637,-0.18202391,0.047675993,0.15714921,0.034946613,-0.03570838,-0.14356615,0.0027579195,0.054715328,0.13298343,0.049775604,-0.031872462,0.06710238,-0.18090135,-0.13175815,-0.09949826,0.21420893,-0.06366431,-0.2813544,-0.03912335,-0.05436192,0.038006388,-0.1423194,-0.016287431,-0.19550279,0.07151754,-0.010990078,0.072797686,-0.09966665,-0.2307618,0.04262325,0.1528232,-0.107391156,-0.091714434,0.08079395,0.0536104,0.116028115,0.043060936,-0.08405889,0.07162598,-0.23818138,-0.07452121,0.014106743,-0.18564482,0.13411167,0.10536828,-0.010743269,-0.16677327,0.00026616312,0.0072981766,0.073889814,0.04398748,0.024030032,-0.014217604,0.16240573,-0.1146642,0.09309297,0.0101362625,0.027972065,0.13361368,-0.04010379,0.099908434,0.07801896,0.19846766,-0.050424468,0.16031228,0.17410542,-0.047846448,-0.09197135,0.11175478,0.090157874,-0.15015212,0.03455687,0.07192061,-0.054801032,0.16330297,-0.051530622,-0.1377589,-0.08415881,0.026195271
33,-0.0860628,-0.12880419,-0.21805884,-0.11938021,-0.1561697,-0.087609075,0.037285406,-0.02263582,-0.0027313079,-0.1947417,-0.20946366,-0.2332709,0.028373322,0.13478181,-0.15073653,-0.06901572,-0.18749098,-0.27445,-0.051983457,-0.12902853,-0.21362841,-0.077334926,-0.20008276,0.17298351,0.2421199,0.03719522,0.016215116,-0.14442684,-0.12982348,0.026995195,-0.022207346,-0.25990453,-0.0360592,-0.17106797,-0.10483373,0.017686175,0.015284867,0.016666355,-0.09528887,-0.01282618,0.0100176865,-0.11976008,0.13286658,0.09776623,0.0846091,-0.02980645,0.22524783,-5.247838e-05,-0.19042729,-0.27313697,-0.04986213,-0.10519366,-0.22994438,0.072327785,0.028585585,0.24880256,-0.08834296,-0.1894131,-0.05141042,-0.2632963,-0.15735076,-0.077685475,-0.10510032,0.09579008,-0.13293836,0.05569363,-0.1758425,-0.2181475,-0.2340089,-0.13014297,0.08215921,0.0052255583,0.0977423,-0.065345764,0.033395905,-0.12594968,0.052205563,-0.019811561,0.09359953,0.060322635,0.0229755,-0.06779902,-0.023553614,0.011823513,-0.062815584,-0.0147164175,0.124266684,-0.14738853,0.0546152,0.10721546,-0.11126454,-0.0031880944,0.006001553,-0.18701492,0.08662413,0.022598058,-0.13414285,0.0057904148,-0.21027544,0.071620904
34,0.037019525,0.08729871,-0.22886033,-0.10756156,-0.046673533,-0.09522259,0.02451203,0.053119667,0.16542953,-0.21076205,-0.0070820893,0.054492414,-0.16039802,0.039773226,0.13484697,-0.22098963,-0.08365821,-0.12114879,-0.022980107,0.18827091,0.12803942,0.06136011,-0.21777077,0.1023457,0.15436853,-0.040725756,0.0574484,-0.13708721,-0.056246985,0.04664261,-0.081678025,-0.1946932,0.1569318,-0.26953775,0.13817114,0.109046765,0.11530535,0.06567247,0.039720215,-0.114087604,-0.05059752,-0.11205273,-0.05865342,0.010273779,0.24864686,-0.06282453,-0.07458787,-0.045450516,-0.02692922,-0.16573328,-0.044692196,-0.11268603,0.037331916,-0.10248332,-0.033270072,0.27110603,-0.036126774,0.030158259,0.043869663,0.08403634,-0.23493825,0.0050809947,0.06347903,-0.062207032,0.002964701,-0.013911248,0.045374263,0.11610739,-0.24972562,-0.2630603,0.13357508,-0.035458367,-0.087559395,-0.051790033,-0.1251946,0.26498213,-0.24786796,-0.074939676,-0.11436475,-0.060883496,0.12242055,0.06572164,-0.059300125,0.14554235,0.13709185,-0.05088886,-0.01745496,-0.16589467,0.017893864,-0.19356303,0.027519535,0.07045269,0.13640797,-0.090052955,-0.12716338,-0.04148666,0.13730782,-0.28061178,-0.28585485,-0.17583932
35,-0.06625441,-0.16802347,-0.06056086,0.0033794118,-0.1598936,0.021876527,-0.2207827,-0.2821683,-0.0046402877,-0.25562632,-0.013660416,-0.095119596,-0.21558362,-0.15849826,-0.127349,-0.10158882,-0.17882547,-0.17617413,-0.061580665,0.010607912,-0.17253608,-0.22128312,-0.20609422,0.049392294,-0.24328026,-0.16810961,0.012124089,-0.13623215,-0.27390155,0.09016537,-0.12488569,-0.12374828,-0.10041173,-0.25000414,-0.088438794,-0.17446594,0.115669236,-0.009108678,0.043083046,0.022879472,-0.004662233,0.1534437,-0.13486028,0.07782468,0.024912843,-0.01479366,-0.09722251,-0.18787915,0.08376877,0.027729217,-0.15487725,-0.3618517,-0.19116782,0.011899099,0.08553078,0.06520884,-0.0043772925,-0.11085728,-0.17299712,-0.010241258,-0.02684889,0.0586273,-0.27406052,-0.044927347,0.12604408,-0.023217076,-0.1329693,-0.015062463,0.033287276,0.0011981769,-0.2837052,0.09103731,0.0056953663,-0.24351974,0.005153244,0.12970915,-0.045566242,-0.1356776,0.0093227485,0.052081376,-0.10689221,-0.20672695,0.086860806,-0.18618307,-0.12411803,-0.29182753,-0.177203,-0.09216509,-0.029214265,0.10118995,0.006866744,-0.06486765,0.064060345,-0.18275681,0.10801648,-0.110746406,0.060704324,-0.009286606,0.048697185,-0.1886587
36,-0.032952517,-0.080205336,0.1115626,-0.05391529,-0.047298204,0.15928243,-0.22170521,-0.12025093,-0.15759987,-0.09427209,0.08203833,-0.06961337,0.13712686,-0.17794909,-0.17099158,-0.0584792,-0.06970952,-0.043671742,0.021427084,-0.075990155,0.08338958,0.017591933,-0.054803856,-0.042012464,-0.05304902,-0.047001783,0.16542473,-0.11147472,-0.086342,-0.03831132,-0.031478032,0.16651966,-0.0615837,-0.11452901,-0.20618945,-0.13798673,-0.06752966,-0.06498424,0.028968431,-0.040895324,-0.012829447,0.08615455,0.06726486,0.13950789,-0.06756512,0.020688646,-0.11261352,0.016008724,0.17643437,-0.07485009,0.12831269,-0.0838941,-0.045670554,-0.10159634,-0.09010003,4.927755e-05,-0.08990825,-0.12632819,-0.122088805,-0.11364149,0.1917128,-0.039868522,-0.13062285,0.10943027,0.064300105,0.035041288,-0.033058427,0.19842523,0.16257173,0.005113858,-0.43480772,0.008137013,-0.0042589353,-0.047542956,-0.23655686,-0.13983417,0.13247168,0.1020137,0.07751974,-0.23261786,0.030833531,0.019465549,0.016958734,0.023295023,0.07091099,-0.10863032,-0.15544015,-0.1493772,-0.037936773,0.060957395,-0.086379744,0.07556173,-0.057726238,0.04521537,0.06864461,-0.2069887,0.12329723,0.13906738,0.21546245,-0.056740187
37,-0.103193246,-0.20013279,-0.10353808,-0.14236386,0.08300155,-0.19204429,-0.08668009,-0.089598246,-0.10848721,-0.30850095,0.08205113,-0.08394802,-0.18792233,-0.09337683,0.057880938,-0.015720392,-0.1758072,-0.078970276,0.03291254,-0.0065853554,-0.22063465,-0.12028445,-0.13918988,-0.033741657,-0.06894069,-0.080488056,0.04129026,-0.15089494,-0.2666991,0.15557963,-0.062750295,-0.15316905,-0.20723875,-0.08314161,0.0094858315,-0.09924775,0.10295734,-0.012053956,0.14508852,-0.093021736,-0.015082757,-0.01750583,0.03510086,-0.14898469,0.18210116,-0.051778752,-0.033643153,0.119634084,-0.2086974,-0.29179513,0.10309346,-0.115996026,-0.24829423,-0.22042517,0.09137529,0.14407662,-0.20053795,0.049796235,-0.05763679,-0.047927793,-0.3380544,0.04379224,-0.074796006,-0.15020637,-0.10423182,-0.2292458,-0.28067178,-0.23250772,-0.11495105,-0.20371065,-0.117974825,0.10075579,-0.21304667,0.22499397,-0.1578008,-0.04339617,-0.091400355,0.042826355,0.024594672,-0.07321173,-0.104045324,-0.1981913,-0.10034793,-0.05504492,-0.16319628,-0.024442878,0.07975334,0.017750451,-0.02347891,-0.045651,0.059518885,0.01363523,-0.05642812,-0.04111662,-0.24636787,-0.16252744,0.07959487,-0.19453496,-0.16878583,-0.019905545
38,-0.23226044,-0.07336355,0.010669645,0.046302967,0.15805015,0.11847098,-0.23682572,-0.16937318,-0.083368585,0.119538516,0.0057239444,0.057293978,0.02197967,-0.1165471,0.028907511,0.09015395,-0.19143991,-0.11704958,0.19523424,-0.08394271,-0.005265018,0.071898334,0.12620868,0.18716505,0.11228277,-0.049069665,0.032544218,0.21819179,0.14073518,-0.015575766,0.03261957,0.018644497,0.07231646,0.091745675,-0.15526332,0.05605169,0.039997034,-0.12276742,-0.010369159,0.141605,-0.057004616,0.04984749,-0.1060078,-0.16613658,0.106072396,0.038909957,0.17241538,-0.2795576,0.1231779,-0.18286026,0.033816516,-0.11981757,-0.027559197,0.025835019,-0.09129391,-0.0967426,-0.016438114,-0.14168552,-0.003338298,-0.21775174,-0.08231248,0.037961353,0.10484613,-0.15705171,0.106346935,-0.13224296,-0.15441796,-0.21288542,0.17652829,0.11215897,-0.118960045,0.045344375,-0.15876094,-0.054533377,0.115123644,-0.058879923,-0.068881735,-0.12380977,0.039722875,0.06340173,0.108201824,0.0034374048,0.08160769,-0.26555705,0.07396388,0.13204286,0.16201523,-0.06101242,-0.08703798,-0.046948068,-0.003551202,-0.11808164,-0.18271966,-0.07772946,0.2125691,0.010487587,0.016445307,0.06196487,-0.1353463,-0.12421944
39,0.09017393,0.19975641,0.1484702,-0.10266635,-0.048098225,-0.14828041,-0.0017242276,0.16630471,-0.075051524,-0.022941008,0.06634488,-0.005031872,0.014316373,-0.17322288,0.010047996,0.10896766,-0.16231018,-0.051263057,-0.074512646,0.13280782,-0.15230092,0.009708299,0.15112972,0.059370488,-0.06160079,-0.024041533,0.1581783,-0.00878223,0.034160003,-0.13053031,0.081295304,0.17668818,0.042901758,0.082545936,0.029783616,0.055532135,0.0010110483,-0.18899639,0.046482563,0.07706547,-0.00083198387,0.18876097,-0.1389783,0.110027395,-0.09175741,-0.18319719,0.10096673,0.055075396,-0.08991464,-0.09488939,0.110831246,0.015801234,0.10934458,0.06822215,0.02845488,-0.044771392,-0.17345591,0.13952722,-0.08836962,-0.051061325,-0.035646904,0.13089606,-0.03266068,-0.09611529,-0.11634156,0.08440981,0.11241912,0.16856584,-0.1188083,0.19209267,-0.039062854,0.07972553,0.079217814,-0.18982004,0.1076946,-0.05984151,-0.033731915,0.03528673,0.02405969,-0.07562062,0.06579208,0.015722942,-0.15825018,-0.18165271,0.16251172,-0.014987544,0.051736012,-0.1292473,-0.08588228,-0.1523996,-0.009967222,-0.02064315,0.12998773,-0.16813114,0.2064704,-0.067154065,0.17038444,0.1351814,0.1181796,-0.13258804
40,-0.123039454,-0.029523773,0.24449262,-0.07904926,0.028428921,-0.1740791,0.015255738,-0.024222294,0.04844098,-0.0066968845,0.15493773,0.16288823,-0.013004542,0.029939502,0.06622608,-0.07920636,0.11436577,-0.0071833027,0.015956054,0.201735,0.0023970094,-0.107588105,-0.18905737,-0.13429692,0.010435623,-0.09532097,-0.0152182765,0.02360456,0.06915908,0.12039546,0.06553288,-0.05795649,-0.12793337,-0.03319128,-0.21573454,-0.070913635,-0.0078083426,0.065044634,0.28905243,0.10286767,0.2959833,-0.16535749,0.0065405164,0.099659115,0.27485356,-0.10820565,-0.12334533,-0.07574106,0.10486533,0.29214814,-0.09760109,-0.1590991,0.023924299,-0.200521,0.11827759,0.0983775,0.07473443,0.08529535,0.16857232,0.32434022,0.07353682,-0.0071643097,-0.21652651,-0.063018955,0.01272653,0.025326345,-0.14647536,0.035859797,0.08835179,0.09606102,0.062027294,-0.13575564,-0.12012665,-0.0839295,0.032234717,-0.17820537,0.23655759,0.13872823,0.03867323,-0.017428458,-0.099007644,-0.0746715,-0.18947753,0.06838752,-0.079278514,-0.11631202,0.17004938,0.0063963886,-0.20197038,-0.16050906,0.039974354,-0.2671711,0.061623592,0.108486086,-0.22819582,0.07886391,0.0476473,-0.21934927,-0.14845377,-0.0052422797
41,0.0590243,-0.025696166,0.13067853,-0.17011437,-0.05794937,-0.21947442,-0.06991145,0.07180336,-0.06275837,0.14798684,-0.058292653,0.06628766,0.0012603081,-0.0216833,0.18842228,0.011268754,0.017296715,0.11495511,0.17545019,-0.00031484393,0.10022228,-0.17771637,-0.021630507,-0.025895024,-0.110740125,0.110661946,-0.05385751,0.051301293,0.042919796,0.04260709,0.107627615,0.0709916,0.11097249,-0.025722446,0.14322147,-0.093429774,0.09992718,0.030541053,-0.17358224,0.028287381,-0.060578387,-0.15262729,0.107020326,0.15180758,0.03901918,0.20407867,-0.036090333,0.09574218,0.14528398,0.08056134,-0.056361556,-0.07031348,0.00869564,-0.08577615,-0.07278662,0.033913817,0.08681767,0.16188028,-0.05088915,0.0734981,0.10983545,0.036948092,-0.035726223,-0.22606094,-0.11330582,-0.045763608,0.04284215,0.18261905,0.18041115,0.028157637,0.16032131,0.053637657,-0.099009715,0.12289096,0.103231385,-0.007559131,0.15881401,-0.077409,0.14477742,-0.029184565,-0.08147222,-0.11231832,0.04608723,-0.021478748,0.09529529,-0.07909087,-0.014933202,-0.16734168,-0.03101311,-0.15706678,0.0651249,0.16464445,0.046244707,0.12895247,0.060757235,0.02035913,-0.049511794,0.115664214,0.021721505,0.0005897939
42,0.033865545,-0.26267037,-0.12741949,-0.1789585,-0.012862314,-0.23484258,-0.055920456,-0.040235873,0.016482357,-0.31636608,-0.22572702,-0.26765925,-0.17933469,-0.22525808,-0.06332247,-0.29987675,-0.007375009,0.01497912,0.034573585,-0.17390415,-0.07197784,0.025279235,-0.25080597,-0.09016226,0.04331459,-0.09492603,-0.114748,-0.08337089,-0.31147355,-0.026694724,0.0621268,-0.18094741,0.09791999,-0.16170698,0.018693358,-0.03831821,-0.03613451,0.01876263,-0.0188496,-0.20243931,0.083959006,0.019345168,-0.13055307,-0.008261526,0.0029027874,-0.19757245,0.0024252203,0.18864746,-0.17238434,-0.22890389,-0.0108024,-0.27262637,-0.17131749,-0.20863323,-0.059109773,-0.03444268,0.08485325,-0.22251777,0.008957564,-0.074906684,0.09385822,-0.044297628,-0.18728544,-0.06687345,0.02953168,-0.035989445,-0.008496263,-0.058009315,-0.3502483,-0.3235205,-0.009546003,0.08221369,-0.16145359,-0.13243333,-0.3076697,-0.11023439,-0.2567903,-0.15756755,0.10830558,0.00047144186,-0.13636799,-0.28185695,0.10313796,-0.023230238,0.0058625336,-0.25529277,0.058652736,-0.07751568,-0.05713852,-0.05268931,0.1567139,-0.008130763,-0.0059536174,-0.086975776,-0.043533914,-0.070779175,-0.1555265,-0.29838333,-0.16454096,0.035105467
43,0.030238286,-0.056782648,0.072771765,-0.14943027,0.1207839,0.033449374,0.025149686,0.09603229,-0.010752328,0.036102142,-0.2143879,-0.14984939,0.055143952,-0.10679112,0.037076287,0.008126334,0.18377146,-0.022947675,-0.04863594,0.08116858,0.017908603,0.037433818,-0.18011937,-0.23225418,0.045348015,-0.09489798,0.007989155,-0.05069366,-0.123291485,-0.054188874,-0.020795755,-0.09223604,0.10344324,0.12386002,-0.02163612,0.020015016,0.10279642,-0.0030159007,0.10615378,0.23024367,-0.042614542,-0.20922805,0.077751525,0.027436715,0.16721772,-0.08087651,0.13918073,0.15678495,-0.1543317,0.3389902,-0.19958751,-0.01818947,-0.13913988,0.07971501,0.21568385,0.32226768,-0.07095338,-0.14013444,0.019817883,0.24550605,0.13916914,-0.116530634,-0.05637974,0.13819008,-0.12527156,-0.15259245,-0.28736725,0.27534655,0.10139958,-0.024826981,0.002170401,-0.18655546,-0.11719523,0.047643818,-0.05154314,0.047096755,0.18922596,-0.12923034,-0.0928519,-0.07252635,-0.048946854,-0.07787298,-0.09910024,-0.007849789,-0.13104245,-0.29238617,0.068142794,0.07788958,-0.2205274,0.09528677,-0.051791187,-0.109437905,0.06617215,-0.1268098,-0.021379508,-0.124120176,-0.13590941,0.0055113817,-0.103198335,0.14999737
44,-0.039516475,-0.123984896,-0.11667032,0.023957985,-0.10378236,-0.080077715,-0.06891757,-0.1741063,-0.087959506,-0.09846887,0.09867455,-0.18361096,-0.08252827,-0.022596067,-0.048998717,-0.10771141,-0.10644059,-0.21395095,0.034382872,-0.06426085,-0.06925918,0.039168388,-0.28360596,-0.123841755,-0.12056468,0.064272545,-0.15078753,-0.12147963,-0.23512065,0.01857023,0.0011999577,-0.29518005,-0.11835067,-0.02972593,-0.016385362,0.008354036,0.09336596,-0.13849878,-0.019122042,0.026482662,0.06664662,-0.22781703,0.029013863,0.15690063,-0.10466895,-0.0021825938,-0.059795182,0.15231225,-0.07239436,-0.21955217,-0.04784452,-0.11485877,-0.30308095,-0.057936806,0.018201927,0.09435084,-0.028290162,0.040140204,0.08377075,-0.1466064,-0.12324409,-0.027618997,0.053819515,-0.18376285,0.09996384,0.06750091,0.13993843,-0.046027638,-0.10858156,-0.10313766,-0.08278341,-0.09970815,0.068829305,-0.11613768,-0.14192909,-0.15986882,-0.20890895,-0.0762743,0.023365831,-0.026154112,-0.02681806,-0.050234247,-0.20058322,-0.0032467009,-0.26812118,0.08847156,-0.011777232,-0.15625618,-0.12933771,0.08938868,0.07953037,0.03597231,0.0047952146,-0.06178175,-0.229759,0.10599798,-0.079570726,-0.07329722,-0.23169428,-0.019943815
45,-0.04647211,0.029175125,0.066991255,0.012375278,-0.026888644,-0.07083121,0.10121722,-0.055317417,0.26692688,-0.1364634,-0.052855562,-0.24445294,-0.28266013,-0.0944187,0.114226945,-0.13608827,0.11173861,0.08119774,0.06773178,0.062288668,0.01374725,-0.002841604,-0.08933082,-0.24181893,-0.008623126,-0.1823781,-0.09808095,-0.08456029,-0.2121402,0.077669844,-0.14193644,-0.057982832,-0.03309838,0.045038335,0.041514985,-0.12463535,-0.40710863,0.05844961,0.136521,-0.029060949,0.28237087,-0.037057426,-0.001918488,0.024971746,0.31523988,-0.045941673,-0.12474946,0.13543196,0.031234534,0.018050507,0.009499293,-0.26525253,-0.14280605,-0.1964812,0.039539084,0.1809582,-0.25919637,-0.16313748,-0.17097417,0.12236109,0.019199457,-0.15889882,0.04055115,0.035393573,-0.05176773,-0.11689267,-0.143013,0.06364126,-0.27335292,-0.139696,0.04679954,-0.043364927,-0.15835883,0.11982402,-0.21411094,-0.244281,-0.17517595,-0.1287838,-0.14757964,-0.35983163,-0.10476759,-0.23672685,0.067439295,-0.009020087,-0.015595607,-0.30620915,-0.16659798,-0.16388315,0.0367822,-0.12865455,-0.0999024,-0.08854551,0.055932276,0.07050017,0.040709957,-0.082247734,0.12981646,-0.105663836,-0.03964453,0.03551175
46,-0.03962454,0.007153829,-0.11946461,-0.0026698967,-0.0408139,-0.09936774,0.082092784,0.17579645,0.018654093,0.058875,0.13167858,-0.038703974,0.08808406,-0.1369982,-0.16810913,0.022844667,-0.15185235,0.26165426,0.17969966,-0.047151513,-0.008826661,-0.109812796,0.18536147,-0.09306918,-0.17927253,0.14345838,-0.06769745,0.16858977,-0.017289089,-0.20137814,-0.13874876,-0.17092444,-0.14321496,-0.032465085,0.16360886,0.06762968,0.13254574,-0.1013804,0.017976603,-0.103397556,-0.09003347,0.0776261,-0.051760506,-0.024109593,-0.035443265,0.11914265,0.0069839787,-0.024093857,0.03976957,-0.11938713,0.17690857,-0.0010403753,0.10489466,-0.109518304,0.032447156,-0.0029256647,-0.09422404,0.092541344,-0.045949657,0.008384842,-0.012866454,0.113557026,0.15280934,-0.0480018,-0.057606164,0.052289836,-0.052376296,0.06349451,0.062297706,0.03185993,-0.05040663,-0.05151251,0.15245087,-0.16050175,-0.02669149,-0.1280439,0.070085794,-0.02044287,0.07879545,-0.15093383,-0.10146292,0.17614445,-0.06856173,0.061748486,0.17162634,0.04483682,-0.07267383,-0.09698636,0.11259923,-0.045967475,0.0057040923,0.12099862,-0.009946451,0.035280325,-0.11110575,-0.17363745,0.027481684,-0.20065588,-0.024719387,0.11188862
47,-0.039872017,0.079223506,-0.14928386,0.0062827887,-0.10969575,-0.1490246,-0.092147276,0.13313384,0.114779875,0.1654268,-0.027904416,-0.19294728,-0.106641546,0.17410587,-0.068236664,0.116481856,-0.23150179,0.06355063,-0.1339708,-0.18850876,-0.014621118,0.1672511,-0.07014167,-0.13824259,-0.07537184,0.147312,-0.19184452,0.029200768,0.091394536,0.13326554,-0.14839292,-0.07123295,0.14611654,0.1432394,-0.029921096,-0.11304031,-0.12497954,0.22594203,-0.071069665,-0.095661774,-0.08899275,0.17732921,0.031054497,-0.16169783,-0.07613982,-0.084211774,0.022340335,0.23761252,0.172869,0.00604084,0.021265758,-0.15691894,0.106773116,-0.07191784,-0.08958589,0.09667656,-0.02022497,-0.16562602,-0.14086322,-0.107543126,0.08172815,0.080467254,-0.050495096,-0.022774104,0.15311943,0.06935711,0.0006038197,0.19693851,0.12300916,0.114386685,0.011498278,-0.05023208,0.17759596,-0.118718386,-0.18595624,0.065344036,0.1668058,0.05999783,0.17396902,0.055757377,-0.00046978696,-0.011628699,-0.13091108,-0.06733801,-0.11007358,0.06676768,0.1806097,-0.063610986,-0.0225534,0.08715421,0.093386814,-0.018280488,-0.011305676,0.003814175,-0.10594962,0.12798834,-0.09617952,0.16089699,0.021711199,0.015818411
48,-0.17896216,-0.14497243,-0.13640329,0.22699505,-0.09646725,-0.013634279,-0.033934206,-0.03502719,-0.12532437,0.05809722,-0.25382167,0.052546505,0.07159082,0.06192101,-0.12816261,0.0017381376,-0.38474837,-0.30024573,0.08738342,-0.04102335,-0.29124108,-0.15826231,-0.20985855,0.17051439,0.19405127,-0.15604308,0.11490297,-0.14612056,-0.0039919782,0.13272326,-0.13350874,-0.18061534,-0.015836813,-0.016788594,-0.11280369,-0.18227759,0.02222639,0.02279957,0.065518565,0.021192515,-0.1364949,-0.14331876,-0.05732036,-0.09302093,0.057269827,0.020213814,0.13648598,-0.08938785,-0.019822313,-0.17534842,-0.07131377,0.20186742,-0.032545224,0.0017901097,-0.0932085,0.061578915,-0.15056287,-0.025553318,-0.10096549,-0.19137639,0.27331457,-0.21316639,0.12903847,0.15907773,-0.13473623,-0.112439536,0.10125263,-0.31665057,0.14261384,-0.19016051,-0.008494958,-0.0013572816,-0.13138111,0.10932101,0.18734947,-0.17859702,-0.1901555,0.05773951,-0.17592563,0.103484504,-0.019241124,-0.1430821,-0.00020089433,-0.106111065,-0.036967535,0.33095133,-0.026138354,-0.10542707,-0.07792682,0.0030667644,-0.104983106,-0.19351457,-0.06710217,0.0063630277,-0.15165453,-0.10276185,-0.17285942,-0.024275845,-0.11181456,0.06921223
49,0.12312916,-0.004011681,-0.21247126,-0.017770633,-0.07593281,-0.26282316,-0.08149492,-0.015063138,-0.23789494,-0.1786106,-0.13326067,-0.0006694937,0.12921098,0.10651516,0.05666013,-0.18503089,0.024223203,-0.2261975,0.1903644,0.100377575,-0.10067603,-0.19590236,-0.05145661,0.32314554,0.08436162,0.10931848,-0.15426819,-0.07308576,-0.015471133,0.19924247,-0.059339028,-0.040867925,-0.073631935,0.068104416,0.15871845,0.21300115,0.11214246,-0.052035596,0.0805021,-0.08371234,0.02272293,-0.08356331,-0.16371153,-0.1761885,0.08621362,-0.087176055,0.087272026,-0.002400039,-0.24491625,-0.29351094,0.22560002,-0.15999028,-0.112633124,0.052236695,0.05071369,0.18928108,-0.14796767,0.18086037,0.046910465,-0.22813356,0.09516233,0.04916555,0.06505027,-0.064689375,-0.21206339,-0.04149638,-0.020574711,-0.31473565,-0.032529294,0.0736029,0.070722416,0.20384681,0.08003416,0.12304241,-0.14583309,0.19213319,-0.27740496,0.17438161,0.079935774,0.19288436,-0.24145673,-0.022443485,0.13993016,0.096132256,-0.0143848695,0.10700115,0.17039996,-0.22306873,-0.020464284,0.0042671845,-0.13765678,-0.17213446,0.0841125,0.025406148,-0.2548211,0.18588407,-0.004654025,-0.06917729,-0.014092886,0.0100022545
50,-0.109273374,0.23082203,0.09429936,0.121554665,-0.15082404,0.1442642,-0.023547499,-0.1824291,0.10464454,0.15569483,0.092105865,0.08416902,0.087867804,-0.082362585,-0.13958219,0.14435282,-0.3611158,0.0005886374,0.15778561,0.061513074,-0.06834367,0.029864637,0.19088751,0.15038943,0.189024,-0.12265995,-0.032274205,0.1506468,0.19419675,-0.110539876,0.10441207,0.19044681,0.035803393,0.18580757,0.093720004,-0.04982379,0.20271866,0.15325908,0.29638022,0.17555657,0.109413035,0.09114694,-0.07460583,0.08223457,0.03250235,-0.027899293,0.09111546,-0.077681705,0.13053727,0.06953677,0.25509912,0.058577698,9.938243e-05,0.104614675,0.13385713,0.27091384,-0.08707827,0.117597565,0.011589046,-0.07680283,-0.31992358,0.16269988,-0.19095579,-0.2535821,-0.08468069,-0.19067901,-0.16288961,-0.26797122,-0.08227424,0.09567076,0.055363756,-0.18900585,0.013212799,0.26210052,0.22660933,0.21824847,0.15688284,-0.06915455,-0.22122896,0.14017043,0.08897047,-0.08975185,-0.025515497,0.12950334,0.1524029,0.26316106,0.011552967,0.12069352,-0.06303963,0.094930686,0.14284758,0.10402874,0.07180381,0.16009536,0.17230648,0.010719394,-0.016477173,-0.1321207,-0.21962523,-0.0973901
51,-0.12227744,0.12020463,-0.020302339,-0.16534422,-0.07332712,-0.14215235,-0.028587345,0.05169836,-0.078449495,0.053609617,0.14576691,0.00023919475,0.21285172,-0.102597594,-0.0961754,-0.0013607813,-0.07316164,0.22729477,-0.09388367,0.24602863,-0.10069472,-0.060809035,-0.1332468,-0.046040207,0.06924597,0.19890387,-0.08653932,0.013227322,0.10716334,0.12333565,-0.13296367,-0.00028517016,0.111835115,-0.16162539,0.107633136,0.089096114,0.040391944,0.027883716,-0.12884125,-0.076401725,-0.08001097,0.020628758,-0.09692271,0.04696791,-0.16390347,-0.10898324,0.12030661,-0.10488738,-0.038649537,0.19207498,-0.20347895,-0.1599107,-0.106309965,-0.029767303,0.02849579,0.11198743,0.037579533,0.06286352,-0.044365805,0.09788486,-0.15585382,0.035038285,-0.06820229,0.121713065,-0.091233596,-0.04052047,-0.07922913,0.20084675,-0.004131509,-0.009484524,-0.06278301,0.03133031,0.13920532,-0.18385933,0.07497023,0.060093734,-0.058163125,0.0010352199,-0.027119868,0.010767167,-0.019281698,0.10183315,0.09994924,0.10671425,0.17815438,-0.38179874,0.060655244,-0.034542438,-0.07302848,0.14052984,0.04676843,0.027993662,0.033504944,0.18800789,0.13188174,0.10458744,-0.11862721,-0.0070657516,0.22572786,0.014968429
52,0.04700147,0.21973212,0.034302957,0.010035124,-0.104321636,0.213753,0.13955915,-0.13718887,0.1371206,-0.09665786,-0.17098385,0.08503606,0.009996445,0.079177804,-0.0849705,-0.011193291,-0.21752472,0.21028279,-0.13948877,-0.0500833,-0.107691996,0.049785323,0.15992789,0.053815376,-0.20646253,0.17141542,-0.089069605,0.18292594,-0.0003346658,0.075035594,0.075394854,-0.045150146,-0.080753356,0.21122123,-0.0529811,-0.06920585,-0.15202984,0.1425142,-0.08180944,-0.12540509,-0.051857606,0.03532821,-0.027761556,0.023635264,-0.08992246,0.01882199,-0.16625866,0.0918666,0.10255868,0.025914341,-0.018382274,-0.08214727,-0.013831924,-0.041322928,-0.051844005,-0.14137687,0.07898615,0.11767512,-0.058449958,0.20952946,0.02799721,-0.007590649,-0.009552833,-0.1032286,0.21739256,0.039244365,0.02501482,0.118345216,-0.052838817,-0.053488515,-0.0023001565,-0.081583455,-0.0932531,0.158996,0.15390888,0.14957148,-0.04798321,-0.08873776,0.11364609,-0.019480439,-0.10649149,0.112370335,0.14149183,-0.12817517,0.1012834,0.0766483,-0.111448675,0.121609755,-0.029966189,0.18625501,0.13073623,0.12474355,0.08240014,0.16974483,0.21573672,0.04781455,0.11046933,0.19100699,0.0074708583,-0.058576148
53,-0.13620909,-0.19004339,0.0748874,-0.036687333,-0.036860846,-0.07376981,-0.26099008,0.083965525,0.11516668,-0.19813357,0.11008985,-0.1756339,-0.006824411,-0.19425239,-0.19825093,-0.16107222,-0.3574294,-0.035966847,-0.030568257,-0.14045487,-0.11543724,-0.13454883,-0.23295137,-0.14570746,0.079034664,-0.10582451,-0.021030298,-0.050258465,-0.058171097,0.085261695,-0.0881797,-0.10097058,0.0009734518,-0.044206243,-0.27243277,-0.05626347,-0.20711046,-0.024264488,0.15769842,-0.13550052,0.008485604,-0.01759271,-0.035227515,0.12822172,0.15268578,-0.04863439,-0.04786926,0.13463755,-0.28153613,-0.08255433,0.21695837,-0.15905441,-0.014044383,-0.19765432,-0.11953055,0.0048323683,-0.275044,0.0797864,-0.22139752,0.00059076346,-0.28544375,-0.06653906,-0.15623373,-0.35639438,-0.1036043,-0.15178734,-0.27763328,-0.20788905,-0.15709637,-0.03992961,-0.097016856,0.14910471,-0.2700494,0.11810434,-0.061346516,-0.06656775,0.018172035,0.011999188,-0.25621715,0.087133005,-0.09043162,-0.17623457,-0.033094984,0.003979178,-0.20729528,0.1137121,-0.03280613,-0.21424326,0.05567846,-0.25435647,0.13984373,-0.26024777,-0.11774421,-0.004955316,-0.30685014,-0.2526083,-0.10717711,-0.14417669,-0.17308047,0.0064692507
54,-0.013781628,0.14734258,-0.11296268,0.17622493,-0.019715864,-0.014364337,-0.12181045,0.1209762,-0.2509308,0.18731101,-0.13757856,-0.10661441,-0.054162327,0.088169195,-0.03173984,0.18873738,-0.15223616,0.07482535,0.10002603,0.14285904,-0.064712845,-0.09504486,0.11140468,-0.006049054,-0.06983052,0.0011613827,0.11564532,-0.167226,-0.111559436,0.06786268,-0.034796607,-0.0046832724,0.09669963,0.24358103,0.17436971,0.17199597,-0.08739569,-0.021149985,-0.20366733,-0.08343645,-0.0342585,0.20764098,0.0011763482,0.12952076,-0.08185134,-0.07431699,-0.12227403,-0.09128203,0.1939535,0.11958906,-0.18868582,0.0582421,0.09326765,-0.027375389,-0.0100078685,-0.18387973,-0.109559484,0.03605334,0.115029864,-0.09537948,-0.08155038,-0.06560862,0.15524904,-0.18562166,0.09768513,0.17184995,0.11836677,0.15626732,0.17562935,0.09647273,-0.1080314,0.0856142,0.19274431,-0.17864409,-0.035922814,0.04227263,0.097899996,-0.18515919,0.118545145,0.09141829,0.018230157,-0.10930578,0.11547434,0.123722315,-0.07720496,-0.040314324,-0.020218393,0.09376402,0.035656936,0.1292335,0.091830686,0.07657059,-0.06228532,0.040187396,0.060743067,-0.09521782,-0.09451111,-0.06258046,0.102979764,-0.022179846
55,-0.026414454,0.0035303608,0.06894337,-0.117172964,-0.08365737,-0.07824675,-0.17983848,-0.29185456,0.02693248,-0.2098708,-0.021706408,0.025172684,0.07328908,-0.1954555,-0.036087003,-0.16829142,-0.18562959,0.06200382,0.025764583,0.06143855,-0.012994588,-0.059564617,-0.2837111,-0.00556245,-0.06989,0.02808355,0.029351437,0.0056436625,0.003733349,-0.02255012,-0.11729247,-0.051045034,-0.19250982,-0.053325117,-0.021617975,-0.08007346,-0.1571111,0.188416,0.18137717,-0.009876133,0.14306779,0.02334929,0.124885716,-0.23048076,0.22479387,-0.18763717,-0.18404408,-0.09609014,-0.06717935,0.18496495,-0.24064304,-0.09960802,-0.16230287,-0.012168656,0.020628087,0.3229303,0.027445162,-0.25680727,-0.084677935,0.25881878,0.14431296,-0.03272076,-0.3172755,-0.06882016,-0.023759233,-0.15441479,0.080038935,0.23580427,-0.06303332,-0.18642007,-0.043324683,-0.13400221,-0.1343783,-0.017819371,-0.088364676,0.115332745,0.071612716,0.014599648,-0.12218462,-0.12300782,-0.1454854,-0.20944427,0.032230854,-0.153114,0.01194681,-0.46504548,-0.069084905,-0.08935957,-0.17666712,0.10557594,-0.10118344,-0.1575058,-0.11420319,-0.045341063,0.12403993,-0.066030465,0.056518342,0.0051019345,0.0011548941,-0.13381983
56,-0.10682529,0.17954072,-0.08407113,-0.007281863,0.1421137,-0.1746783,-0.011597981,-0.016626103,0.16257784,-0.2018709,0.10882707,-0.0388979,0.08451638,-0.21570106,-0.060151048,-0.16010426,-0.026805775,-0.07405878,0.06380211,0.24424091,0.028503872,-0.11598322,0.018091528,0.091483265,0.0042644623,-0.1238201,-0.16192162,-0.07418604,-0.021246232,0.16446514,0.1537951,0.10108396,0.069404006,-0.19025289,-0.043582156,-0.0622182,-0.12165974,0.0013331234,-0.030747693,-0.0053737424,0.2432578,0.17190233,-0.03717785,-0.069877945,0.112043604,0.023637893,-0.002433326,-0.19811954,-0.17206241,0.1724818,-0.25772065,-0.0627249,-0.079675436,-0.09898659,0.08984409,0.09595675,-0.16202228,-0.11688155,-0.03670743,0.19354774,-0.14818579,0.035077523,-0.15502137,-0.15350254,0.0815747,0.050646618,-0.091634244,0.098641165,-0.15804285,0.084627524,-0.019950135,-0.069978364,-0.01555411,0.049917374,-0.093394935,0.04369637,0.08823992,0.15512341,-0.15177388,-0.0036737316,0.055107344,-0.19402173,0.00054189144,-0.061382223,0.110718526,-0.220429,-0.14348313,-0.04234071,-0.021498078,-0.012178525,-0.036075387,-0.04298225,-0.1331228,0.08611379,-0.17309013,-0.08865864,-0.14764373,0.106031425,0.079587065,-0.06502027
57,-0.0038178836,-0.035359237,0.032405432,0.17458454,-0.107033804,0.020150574,-0.010987904,-0.015258923,-0.08559399,0.15907733,0.14854875,0.19698885,-0.08307988,0.13551918,-0.13700403,-0.15304092,-0.07301601,-0.057932936,-0.04829913,0.1601589,0.039336998,-0.03774458,0.16655652,-0.05412497,0.37869838,0.091451816,-0.13843659,-0.04896966,0.08740857,0.052798625,-0.12918088,-0.031702403,0.11625126,-0.011826164,-0.14834785,0.061183088,0.19998446,-0.12914151,-0.062872544,-0.10271946,-0.115159094,-0.016519452,0.10759396,-0.16131613,-0.11872203,-0.06336366,0.029654432,-0.0058476334,0.09154112,-0.0618848,0.085510865,0.1008342,-0.041880812,0.06110291,0.13617644,-0.057003938,0.17569092,0.11365604,0.114244916,0.22187766,-0.10770324,-0.060620505,0.014086276,-0.039163843,-0.111201495,0.13005099,0.029376743,0.1795319,0.01729056,0.14151126,-0.07099664,0.005769642,-0.115813345,0.2640568,-0.1683079,-0.025011772,-0.13789962,-0.031129058,0.019989632,-0.07431989,-0.13788451,0.13363269,0.12978919,-0.021661427,0.034103848,-0.040549364,0.05489029,-0.12660293,-0.21578528,0.15204985,0.11605407,-0.008362943,0.047659557,-0.07942932,-0.09878334,-0.02258884,-0.1720189,0.20597808,0.23811379,-0.16246292
58,-0.12639403,0.07186609,-0.0666368,0.13593294,0.1509136,-0.15836747,-0.20574018,-0.13301326,-0.18752676,0.15605652,-0.14068465,-0.13945921,0.040437434,0.035856593,-0.046161305,0.10957177,-0.12566173,0.032698292,0.13300519,-0.0030471885,0.080051996,0.22136267,-0.14147086,-0.004557965,-0.14252901,0.1418622,0.04161437,0.0730271,0.06083375,-0.05651329,-0.078443006,0.05170486,0.10629315,0.19140653,-0.0075700595,-0.079486996,-0.05726049,0.16721983,-0.12627234,-0.07292847,0.039088883,0.2031261,-0.11109643,0.13067724,0.06241219,0.083515644,0.07165135,-0.17406419,-0.12733978,0.17465462,0.03260366,-0.03605414,0.22361119,-0.044260144,-0.019422008,0.037944734,0.14707997,-0.094601125,-0.09550977,-0.057565913,0.07661755,0.047745883,-0.09702158,-0.047870986,0.110768154,0.03355668,0.12445903,0.15559848,0.18989868,0.06887841,-0.08279632,-0.033706978,-0.1297859,-0.1152802,-0.10440246,-0.11038921,0.17760806,0.05541347,0.026275063,0.07180846,-0.0033024324,0.14923379,0.004280448,0.2395512,0.19500864,0.008901453,0.2546969,-0.17322494,0.04919221,-0.020258045,0.11583718,-0.075045384,0.023582963,0.15839185,0.121986985,-0.007049665,-0.050120942,0.14764598,0.100074895,0.07803039
59,-0.2135525,0.15541445,0.19326892,0.0903136,-0.16981,-0.17569174,-0.07768516,-0.23084666,0.2485759,-0.032743696,-0.11930814,-0.06049308,-0.17013744,0.053455617,0.17819719,-0.2518093,0.019524181,0.14930822,0.008647419,-0.02383396,-0.114938095,-0.096048355,0.05228451,0.004788014,0.0066131447,-0.12049474,-0.0104207415,-0.07900392,-0.01341885,0.18755886,-0.05519716,0.22034135,-0.20715374,-0.15537503,-0.16460836,0.08270333,0.16389836,0.039044723,0.1499127,0.2115714,0.20509645,0.111232065,0.13879701,-0.13378488,0.16801581,-0.22981733,0.27126575,-0.039424945,-0.05941971,-0.009960295,-0.12843488,-0.16036698,-0.07658329,0.15161113,0.16627976,0.39729297,-0.15212788,-0.22961345,-0.24752003,0.23375125,-0.13932793,0.100512646,-0.057863448,-0.09957169,-0.13453968,0.033629857,0.074462645,0.3018722,-0.1466295,0.09760726,-0.10749413,-0.08561711,-0.22233526,-0.04675999,-0.31377316,-0.15259746,0.14261037,-0.07979974,-0.048180774,-0.07600944,-0.125424,-0.13707736,0.055105645,-0.14634171,0.023927571,-0.38155505,-0.18001364,-0.047019307,-0.109380536,-0.062273588,-0.14045201,-0.15028945,-0.118349455,-0.013478185,-0.050816454,-0.102731146,0.07405579,-0.031730615,0.13775754,-0.057583183
60,0.016151084,-0.04151998,-0.0067448225,-0.028056491,0.04346505,0.06509739,-0.13113452,-0.23209794,-0.0012653335,-0.077149436,-0.12171101,0.06681735,-0.1249528,-0.09508596,-0.03217529,0.025089446,0.13522223,-0.17391716,0.071609095,-0.025389612,-0.17182954,-0.04081565,-0.26613832,0.04175248,-0.25463927,0.000119014716,-0.069377944,-0.07739809,-0.2279919,0.099283025,0.0007429796,0.024208266,-0.024723118,0.10987328,0.00032055596,-0.05692546,0.096236035,-0.006894916,0.044253558,-0.2052332,-0.08733501,-0.14759193,-0.1753736,-0.1012295,0.07667728,-0.1032304,-0.03624317,0.040460408,-0.24579974,-0.24617572,-0.28281185,-0.046994172,-0.21408907,-0.06752676,0.05844805,0.19778186,-0.11272722,-0.042024773,-0.14144413,-0.24032514,-0.1982406,0.027957745,-0.13824794,-0.007090944,0.003500576,0.026267989,0.06949478,-0.18901928,-0.26703238,-0.2104379,-0.13517305,0.11714625,-0.12878685,-0.107934415,-0.0054452075,0.0375289,-0.0022479652,0.046541736,-0.14464124,-0.011263479,-0.06788408,-0.28712866,-0.13927522,-0.17328674,-0.10407479,0.14245108,0.020522686,-0.073579445,-0.19177851,-0.1332015,0.021317134,-0.19680814,-0.21763901,-0.13028969,-0.14541276,0.067410156,-0.056137078,-0.017063633,-0.18984781,-0.014548329
61,0.2094475,-0.028015269,-0.096085764,0.19606297,-0.10344887,0.107570104,-0.16162279,-0.16453232,0.10177952,-0.01834114,0.11706785,-0.03001523,0.08762523,-0.06255003,0.15020986,0.18795834,0.06311295,-0.018540984,0.22717775,-0.029975422,0.13164403,-0.01776214,0.12234223,-0.13332254,-0.048519593,-0.0006399313,0.061893538,0.10119896,-0.081194825,0.12257441,-0.061332826,-0.07875006,-0.0028703497,0.13606931,-0.017826827,0.10882166,-0.17236833,-0.024161188,-0.13136044,-0.06635949,0.03151594,0.035170425,-0.115468,0.014833293,0.098010145,0.09144961,-0.15999064,-0.112464845,-0.10771513,0.05319123,0.18091336,0.07675117,0.12215939,-0.14311653,-0.016168661,-0.023551408,-0.12522022,-0.018127792,-0.0015901425,-0.1468262,0.104670726,-0.20131734,0.11617544,-0.090097725,-0.16670327,0.045721702,0.14953615,-0.2432478,-0.006465859,0.0030226067,-0.20777588,-0.13168287,-0.0048134127,-0.024884125,0.08463387,-0.1735455,-0.23465404,-0.06915538,0.14369075,-0.19645853,0.13227014,0.033591475,0.027504787,-0.046237707,0.10427186,0.14345846,-0.1300369,-0.020847093,0.071922645,-0.15905006,0.08027441,-0.18571332,-0.009850566,0.07425639,-0.067698315,0.11371758,-0.17841963,0.08225501,0.060703993,-0.2071207
62,-0.22628297,-0.22427833,0.07800129,-0.03366887,0.0785021,0.12932028,-0.1862504,-0.065130495,-0.32958442,-0.0442507,-0.21503223,0.039565437,0.15015204,-0.039725754,-0.07663861,-0.047048137,-0.19163035,0.056843553,0.08123923,-0.23892516,-0.13586311,-0.07234898,0.087379955,0.05666432,0.27961493,0.005928726,-0.04533672,0.018103391,0.09860661,0.06734401,-0.08711509,0.025264176,-0.07071246,-0.103483126,-0.044153105,0.11994588,-0.020326024,-0.21955223,-0.0019502843,0.18118249,-0.009446366,0.18188038,-0.048485417,-0.08277768,0.016098056,-0.11603006,0.14214213,-0.2884669,-0.013728093,-0.011059769,0.1614564,-0.34365585,0.097850375,0.16437975,-0.013065417,0.043345768,0.10876639,-0.034678515,0.028618878,-0.23908313,-0.016247686,0.07811665,0.105978,-0.16940184,0.090163775,-0.12839977,-0.09969769,-0.046319053,-0.081231765,0.21653754,-0.18006615,0.16562496,-0.0014574638,0.32325584,0.15971595,0.13955006,0.13609007,-0.03933877,-0.06822837,0.123120345,0.09566434,0.12669052,0.00024926377,-0.34999973,0.08169682,0.17589864,0.13828678,0.08383914,-0.1565723,0.0737431,0.1426246,-0.022162281,0.0425327,0.014867818,0.084940225,-0.031771548,0.17639643,0.06296616,0.01598387,0.058204684
63,-0.082362995,0.4881229,0.091445334,0.07424615,0.06590206,0.083421454,0.078801475,-0.0771116,0.088622205,-0.17355499,-0.012489497,-0.22711536,-0.21227531,-0.17440127,-0.08587694,-0.15232694,-0.17037456,0.17418553,0.12418135,-0.19147141,-0.16242851,0.116089836,-0.11860622,-0.053922586,-0.2623738,-0.056519587,-0.18662593,-0.12627907,-0.12350018,0.22303183,-0.07621119,-0.046214942,-0.16238429,0.29857713,-0.15409382,-0.02536819,0.10030156,-0.001843411,0.27054322,-0.030622303,0.15737726,0.109098986,0.0015536114,0.104523495,-0.0010457018,-0.23072675,-0.08442468,0.15184265,-0.04472707,0.13349284,-0.26292658,-0.174379,-0.1515174,0.04135891,0.19488049,0.1750337,0.069678605,-0.07363161,-0.07563691,0.047703348,-0.35858294,0.06845307,-0.10572743,-0.2774544,-0.032195233,0.019589636,0.04447986,0.047293447,-0.112178646,0.0006317434,0.019979559,0.13952835,0.056236494,-0.1624863,0.07013138,0.056465305,0.23483185,0.13155721,-0.1679963,0.07891717,-0.14566384,-0.08523473,-0.020023692,0.16895734,-0.03464949,-0.010488046,0.1181631,-0.063946426,0.10448286,-0.066365205,0.049658924,-0.21591492,-0.09617925,0.12634918,-0.123754986,0.06243267,-0.036658794,-0.065243356,0.15892439,0.106550574
