,fluence,photon_energy,density,hydrogen_factor,nitrogen_factor,oxygen_factor,carbon_factor,sulphur_factor
0,143842.31849525892,8910.0,0.9628248856890351,0.5149700598802395,0.07784431137724551,0.08982035928143713,0.31137724550898205,0.00598802395209581
1,248552.8970497716,9549.0,0.5179515537159493,0.5149700598802395,0.07784431137724551,0.08982035928143713,0.31137724550898205,0.00598802395209581
2,65771.45174535546,9771.0,0.6709241490477438,0.5149700598802395,0.07784431137724551,0.08982035928143713,0.31137724550898205,0.00598802395209581
3,19726.994783566945,9771.0,1.9530855616442793,0.5149700598802395,0.07784431137724551,0.08982035928143713,0.31137724550898205,0.00598802395209581
4,118584.85366790496,521.0,1.3601875257853635,0.5149700598802395,0.07784431137724551,0.08982035928143713,0.31137724550898205,0.00598802395209581
5,205878.61380557998,9549.0,0.7902919102460428,0.5149700598802395,0.07784431137724551,0.08982035928143713,0.31137724550898205,0.00598802395209581
6,372950.6458667464,8314.0,0.5554457172352629,0.5149700598802395,0.07784431137724551,0.08982035928143713,0.31137724550898205,0.00598802395209581
7,226332.94609403194,1439.0,0.9428883221858886,0.5149700598802395,0.07784431137724551,0.08982035928143713,0.31137724550898205,0.00598802395209581
8,43753.95657904802,8124.0,1.9838544956129316,0.5149700598802395,0.07784431137724551,0.08982035928143713,0.31137724550898205,0.00598802395209581
9,34564.788293628444,8508.0,1.2090235832998695,0.5149700598802395,0.07784431137724551,0.08982035928143713,0.31137724550898205,0.00598802395209581
10,225538.22744298112,1507.0,1.3926955549015094,0.5149700598802395,0.07784431137724551,0.08982035928143713,0.31137724550898205,0.00598802395209581
11,134234.90766474395,688.0,1.8432944950769756,0.5149700598802395,0.07784431137724551,0.08982035928143713,0.31137724550898205,0.00598802395209581
12,97013.08387891694,9771.0,1.9216370229377953,0.5149700598802395,0.07784431137724551,0.08982035928143713,0.31137724550898205,0.00598802395209581
13,409411.9962664295,9771.0,1.6012963683335641,0.5149700598802395,0.07784431137724551,0.08982035928143713,0.31137724550898205,0.00598802395209581
14,13579.705393142873,9771.0,1.715485430015617,0.5149700598802395,0.07784431137724551,0.08982035928143713,0.31137724550898205,0.00598802395209581
15,498955.64542371494,6601.0,1.595422324957686,0.5149700598802395,0.07784431137724551,0.08982035928143713,0.31137724550898205,0.00598802395209581
16,123328.57765489163,6159.0,1.5585593084045204,0.5149700598802395,0.07784431137724551,0.08982035928143713,0.31137724550898205,0.00598802395209581
17,217457.42948187084,1439.0,1.7748407753383622,0.5149700598802395,0.07784431137724551,0.08982035928143713,0.31137724550898205,0.00598802395209581
18,139284.705909792,8124.0,1.6008044118313363,0.5149700598802395,0.07784431137724551,0.08982035928143713,0.31137724550898205,0.00598802395209581
19,130380.07905793165,6601.0,0.5403259438164164,0.5149700598802395,0.07784431137724551,0.08982035928143713,0.31137724550898205,0.00598802395209581
20,349944.25187682384,7939.0,1.993695622959026,0.5149700598802395,0.07784431137724551,0.08982035928143713,0.31137724550898205,0.00598802395209581
21,135038.14362350007,9771.0,0.5123620642854729,0.5149700598802395,0.07784431137724551,0.08982035928143713,0.31137724550898205,0.00598802395209581
22,294018.6570793608,8124.0,0.6569531444033747,0.5149700598802395,0.07784431137724551,0.08982035928143713,0.31137724550898205,0.00598802395209581
23,31948.63064196501,5748.0,0.5594504859055003,0.5149700598802395,0.07784431137724551,0.08982035928143713,0.31137724550898205,0.00598802395209581
24,101095.9830018464,9549.0,1.622627928352921,0.5149700598802395,0.07784431137724551,0.08982035928143713,0.31137724550898205,0.00598802395209581
25,374691.5278106427,4779.0,0.5484505910581601,0.5149700598802395,0.07784431137724551,0.08982035928143713,0.31137724550898205,0.00598802395209581
26,493861.4365018624,2944.0,1.3525143121044798,0.5149700598802395,0.07784431137724551,0.08982035928143713,0.31137724550898205,0.00598802395209581
27,238711.68879928367,9771.0,1.4317063116135982,0.5149700598802395,0.07784431137724551,0.08982035928143713,0.31137724550898205,0.00598802395209581
28,260293.18063718488,9118.0,1.9920806425153113,0.5149700598802395,0.07784431137724551,0.08982035928143713,0.31137724550898205,0.00598802395209581
29,69575.32294630974,9771.0,1.2291855817030815,0.5149700598802395,0.07784431137724551,0.08982035928143713,0.31137724550898205,0.00598802395209581
30,155974.3414226285,827.0,0.9708025649823309,0.5149700598802395,0.07784431137724551,0.08982035928143713,0.31137724550898205,0.00598802395209581
31,499676.72638316307,9771.0,1.2760282447016063,0.5149700598802395,0.07784431137724551,0.08982035928143713,0.31137724550898205,0.00598802395209581
32,496628.81712574244,9549.0,1.5871987133025116,0.5149700598802395,0.07784431137724551,0.08982035928143713,0.31137724550898205,0.00598802395209581
33,151403.3109607157,827.0,1.5994804586558415,0.5149700598802395,0.07784431137724551,0.08982035928143713,0.31137724550898205,0.00598802395209581
34,480408.9477573772,5488.0,1.3323574346648006,0.5149700598802395,0.07784431137724551,0.08982035928143713,0.31137724550898205,0.00598802395209581
35,140723.98719534522,9549.0,1.189385656234173,0.5149700598802395,0.07784431137724551,0.08982035928143713,0.31137724550898205,0.00598802395209581
36,337940.9539519598,8124.0,1.1704528857622791,0.5149700598802395,0.07784431137724551,0.08982035928143713,0.31137724550898205,0.00598802395209581
37,428081.09415344865,3012.0,0.7981024636956109,0.5149700598802395,0.07784431137724551,0.08982035928143713,0.31137724550898205,0.00598802395209581
38,112407.01487653673,8124.0,1.1463158948272847,0.5149700598802395,0.07784431137724551,0.08982035928143713,0.31137724550898205,0.00598802395209581
39,140087.98769886262,8508.0,1.9759385946209813,0.5149700598802395,0.07784431137724551,0.08982035928143713,0.31137724550898205,0.00598802395209581
40,378751.0722976458,2876.0,1.9559999310794796,0.5149700598802395,0.07784431137724551,0.08982035928143713,0.31137724550898205,0.00598802395209581
41,250530.7332419517,1813.0,1.1442369762910642,0.5149700598802395,0.07784431137724551,0.08982035928143713,0.31137724550898205,0.00598802395209581
42,498301.8008493629,2944.0,1.8344172193484847,0.5149700598802395,0.07784431137724551,0.08982035928143713,0.31137724550898205,0.00598802395209581
43,20229.29530499167,5488.0,0.7878461059575224,0.5149700598802395,0.07784431137724551,0.08982035928143713,0.31137724550898205,0.00598802395209581
44,390475.4278328167,2876.0,1.388265190898148,0.5149700598802395,0.07784431137724551,0.08982035928143713,0.31137724550898205,0.00598802395209581
45,369370.00110419514,2684.0,0.9590222637042639,0.5149700598802395,0.07784431137724551,0.08982035928143713,0.31137724550898205,0.00598802395209581
46,15256.31073235812,9331.0,0.51254620676489,0.5149700598802395,0.07784431137724551,0.08982035928143713,0.31137724550898205,0.00598802395209581
47,83204.27751072356,7758.0,0.5012065155528209,0.5149700598802395,0.07784431137724551,0.08982035928143713,0.31137724550898205,0.00598802395209581
48,264328.7491835726,6913.0,0.5000851661416013,0.5149700598802395,0.07784431137724551,0.08982035928143713,0.31137724550898205,0.00598802395209581
49,166409.15050915672,5363.0,0.726282505395493,0.5149700598802395,0.07784431137724551,0.08982035928143713,0.31137724550898205,0.00598802395209581
50,135416.87391803256,9549.0,0.7381262954668653,0.5149700598802395,0.07784431137724551,0.08982035928143713,0.31137724550898205,0.00598802395209581
51,11115.628950097953,546.0,0.9223144574186453,0.5149700598802395,0.07784431137724551,0.08982035928143713,0.31137724550898205,0.00598802395209581
52,84827.25663397173,546.0,1.6679978962230764,0.5149700598802395,0.07784431137724551,0.08982035928143713,0.31137724550898205,0.00598802395209581
53,197118.93720601487,8910.0,1.6376492212496947,0.5149700598802395,0.07784431137724551,0.08982035928143713,0.31137724550898205,0.00598802395209581
54,423420.88863266906,9771.0,0.5098263629303413,0.5149700598802395,0.07784431137724551,0.08982035928143713,0.31137724550898205,0.00598802395209581
55,490291.40312623786,5241.0,1.6273347949904329,0.5149700598802395,0.07784431137724551,0.08982035928143713,0.31137724550898205,0.00598802395209581
56,10883.93454193285,3540.0,1.175483012768436,0.5149700598802395,0.07784431137724551,0.08982035928143713,0.31137724550898205,0.00598802395209581
57,196512.83457223972,9771.0,1.010116626608098,0.5149700598802395,0.07784431137724551,0.08982035928143713,0.31137724550898205,0.00598802395209581
58,311370.317906268,2391.0,1.3845789731907718,0.5149700598802395,0.07784431137724551,0.08982035928143713,0.31137724550898205,0.00598802395209581
59,217145.15948651038,1374.0,0.6669722859011175,0.5149700598802395,0.07784431137724551,0.08982035928143713,0.31137724550898205,0.00598802395209581
60,374908.08175789024,8124.0,0.8792338239791222,0.5149700598802395,0.07784431137724551,0.08982035928143713,0.31137724550898205,0.00598802395209581
61,179235.97692146644,5616.0,0.500075290488983,0.5149700598802395,0.07784431137724551,0.08982035928143713,0.31137724550898205,0.00598802395209581
62,421223.3011233517,8707.0,0.689094634356636,0.5149700598802395,0.07784431137724551,0.08982035928143713,0.31137724550898205,0.00598802395209581
63,269899.5094980535,1813.0,0.7774608272459724,0.5149700598802395,0.07784431137724551,0.08982035928143713,0.31137724550898205,0.00598802395209581
64,72782.64361274225,2876.0,1.9696926533875119,0.5149700598802395,0.07784431137724551,0.08982035928143713,0.31137724550898205,0.00598802395209581
65,331937.88140935166,2337.0,1.742191000584225,0.5149700598802395,0.07784431137724551,0.08982035928143713,0.31137724550898205,0.00598802395209581
66,443155.09609512263,3083.0,1.5619810676708403,0.5149700598802395,0.07784431137724551,0.08982035928143713,0.31137724550898205,0.00598802395209581
67,137389.01667788235,7939.0,0.8393743458375432,0.5149700598802395,0.07784431137724551,0.08982035928143713,0.31137724550898205,0.00598802395209581
68,424118.96191618545,7939.0,1.9996241421796965,0.5149700598802395,0.07784431137724551,0.08982035928143713,0.31137724550898205,0.00598802395209581
69,110953.64789840138,533.0,1.1652342324631297,0.5149700598802395,0.07784431137724551,0.08982035928143713,0.31137724550898205,0.00598802395209581
70,56759.52937079482,572.0,1.4545554745682727,0.5149700598802395,0.07784431137724551,0.08982035928143713,0.31137724550898205,0.00598802395209581
71,316011.790196717,7239.0,1.7435266583333326,0.5149700598802395,0.07784431137724551,0.08982035928143713,0.31137724550898205,0.00598802395209581
72,15409.825636445543,7239.0,1.6151002990261452,0.5149700598802395,0.07784431137724551,0.08982035928143713,0.31137724550898205,0.00598802395209581
73,102565.48498262129,533.0,0.5076201883992059,0.5149700598802395,0.07784431137724551,0.08982035928143713,0.31137724550898205,0.00598802395209581
74,63477.92574223797,7758.0,1.013789040425188,0.5149700598802395,0.07784431137724551,0.08982035928143713,0.31137724550898205,0.00598802395209581
75,323391.22016805323,9331.0,1.2856534093536807,0.5149700598802395,0.07784431137724551,0.08982035928143713,0.31137724550898205,0.00598802395209581
76,149944.98007314972,5748.0,1.3639447211299112,0.5149700598802395,0.07784431137724551,0.08982035928143713,0.31137724550898205,0.00598802395209581
77,495251.7820382768,3154.0,0.7542107517387902,0.5149700598802395,0.07784431137724551,0.08982035928143713,0.31137724550898205,0.00598802395209581
78,157528.00794312241,1543.0,1.397745461687087,0.5149700598802395,0.07784431137724551,0.08982035928143713,0.31137724550898205,0.00598802395209581
79,202880.84761329464,1439.0,1.9891392816761921,0.5149700598802395,0.07784431137724551,0.08982035928143713,0.31137724550898205,0.00598802395209581
80,11283.019665211737,7758.0,1.3670792365628357,0.5149700598802395,0.07784431137724551,0.08982035928143713,0.31137724550898205,0.00598802395209581
81,496116.71254878485,4779.0,0.5013667921909704,0.5149700598802395,0.07784431137724551,0.08982035928143713,0.31137724550898205,0.00598802395209581
82,285939.3102797104,7408.0,0.8439152751407907,0.5149700598802395,0.07784431137724551,0.08982035928143713,0.31137724550898205,0.00598802395209581
83,417200.33437014394,3012.0,1.1942660777715464,0.5149700598802395,0.07784431137724551,0.08982035928143713,0.31137724550898205,0.00598802395209581
84,16918.283650342473,9771.0,1.3285458819239548,0.5149700598802395,0.07784431137724551,0.08982035928143713,0.31137724550898205,0.00598802395209581
85,396375.77640289726,7758.0,1.7934348070154291,0.5149700598802395,0.07784431137724551,0.08982035928143713,0.31137724550898205,0.00598802395209581
86,206780.2200262817,8910.0,1.834161713841822,0.5149700598802395,0.07784431137724551,0.08982035928143713,0.31137724550898205,0.00598802395209581
87,78634.12061853395,9118.0,0.8602481105253875,0.5149700598802395,0.07784431137724551,0.08982035928143713,0.31137724550898205,0.00598802395209581
88,277673.37058684,9771.0,0.7325117352361529,0.5149700598802395,0.07784431137724551,0.08982035928143713,0.31137724550898205,0.00598802395209581
89,110247.35998424633,5241.0,1.0631185174235722,0.5149700598802395,0.07784431137724551,0.08982035928143713,0.31137724550898205,0.00598802395209581
90,228050.12699573665,2563.0,0.8770812789963345,0.5149700598802395,0.07784431137724551,0.08982035928143713,0.31137724550898205,0.00598802395209581
91,197530.67307696881,8314.0,1.053088236097708,0.5149700598802395,0.07784431137724551,0.08982035928143713,0.31137724550898205,0.00598802395209581
92,101537.52408102996,1143.0,1.9997177979568774,0.5149700598802395,0.07784431137724551,0.08982035928143713,0.31137724550898205,0.00598802395209581
93,181781.55614291716,6601.0,1.6262008602757025,0.5149700598802395,0.07784431137724551,0.08982035928143713,0.31137724550898205,0.00598802395209581
94,444467.38767203834,9771.0,0.8152160785644095,0.5149700598802395,0.07784431137724551,0.08982035928143713,0.31137724550898205,0.00598802395209581
95,125685.65418112121,6913.0,0.7523553954234876,0.5149700598802395,0.07784431137724551,0.08982035928143713,0.31137724550898205,0.00598802395209581
96,433159.84690448205,5241.0,0.5163957035571076,0.5149700598802395,0.07784431137724551,0.08982035928143713,0.31137724550898205,0.00598802395209581
97,380628.61421095865,9331.0,1.0392891842633138,0.5149700598802395,0.07784431137724551,0.08982035928143713,0.31137724550898205,0.00598802395209581
98,83316.95976956328,7758.0,1.5295626334739554,0.5149700598802395,0.07784431137724551,0.08982035928143713,0.31137724550898205,0.00598802395209581
99,300340.1521212455,5882.0,0.7625377415011456,0.5149700598802395,0.07784431137724551,0.08982035928143713,0.31137724550898205,0.00598802395209581
100,191186.29436270756,5121.0,0.90290063576155,0.5149700598802395,0.07784431137724551,0.08982035928143713,0.31137724550898205,0.00598802395209581
101,364540.5838031959,3460.0,0.5006739070978954,0.5149700598802395,0.07784431137724551,0.08982035928143713,0.31137724550898205,0.00598802395209581
102,343003.106783647,9331.0,0.5141783062836847,0.5149700598802395,0.07784431137724551,0.08982035928143713,0.31137724550898205,0.00598802395209581
103,497684.5980213381,4357.0,1.3081999333652032,0.5149700598802395,0.07784431137724551,0.08982035928143713,0.31137724550898205,0.00598802395209581
104,401510.44694357476,4066.0,0.7029834273620933,0.5149700598802395,0.07784431137724551,0.08982035928143713,0.31137724550898205,0.00598802395209581
105,307131.9765172869,8314.0,1.8719203781488032,0.5149700598802395,0.07784431137724551,0.08982035928143713,0.31137724550898205,0.00598802395209581
106,225669.42461440177,1813.0,1.5723575712815452,0.5149700598802395,0.07784431137724551,0.08982035928143713,0.31137724550898205,0.00598802395209581
107,340241.9832039092,4459.0,1.0338985568517631,0.5149700598802395,0.07784431137724551,0.08982035928143713,0.31137724550898205,0.00598802395209581
108,426418.2480849685,5882.0,1.24347104451562,0.5149700598802395,0.07784431137724551,0.08982035928143713,0.31137724550898205,0.00598802395209581
109,493870.615321298,8124.0,1.0626125340528847,0.5149700598802395,0.07784431137724551,0.08982035928143713,0.31137724550898205,0.00598802395209581
110,193917.06124831847,9331.0,0.6081241740466675,0.5149700598802395,0.07784431137724551,0.08982035928143713,0.31137724550898205,0.00598802395209581
111,17342.306341893018,7581.0,1.8361640973466988,0.5149700598802395,0.07784431137724551,0.08982035928143713,0.31137724550898205,0.00598802395209581
112,10974.608348198242,546.0,1.7808322033341317,0.5149700598802395,0.07784431137724551,0.08982035928143713,0.31137724550898205,0.00598802395209581
113,444175.88797776715,3083.0,1.9432163721074076,0.5149700598802395,0.07784431137724551,0.08982035928143713,0.31137724550898205,0.00598802395209581
114,169728.58525651612,950.0,1.2179063684939408,0.5149700598802395,0.07784431137724551,0.08982035928143713,0.31137724550898205,0.00598802395209581
115,201443.1676353969,9331.0,1.2598452349121958,0.5149700598802395,0.07784431137724551,0.08982035928143713,0.31137724550898205,0.00598802395209581
116,497783.5104178401,8124.0,0.6173952127247648,0.5149700598802395,0.07784431137724551,0.08982035928143713,0.31137724550898205,0.00598802395209581
117,490952.45378884627,8124.0,1.9779477444113667,0.5149700598802395,0.07784431137724551,0.08982035928143713,0.31137724550898205,0.00598802395209581
118,301146.43094780046,2082.0,0.535407803550634,0.5149700598802395,0.07784431137724551,0.08982035928143713,0.31137724550898205,0.00598802395209581
119,225889.34426521236,8314.0,0.8581995352272695,0.5149700598802395,0.07784431137724551,0.08982035928143713,0.31137724550898205,0.00598802395209581
120,324231.9848160998,7239.0,0.5530561076333999,0.5149700598802395,0.07784431137724551,0.08982035928143713,0.31137724550898205,0.00598802395209581
121,368617.6591946948,6913.0,1.6554294206834943,0.5149700598802395,0.07784431137724551,0.08982035928143713,0.31137724550898205,0.00598802395209581
122,13922.717266207488,585.0,1.112137683777014,0.5149700598802395,0.07784431137724551,0.08982035928143713,0.31137724550898205,0.00598802395209581
123,11120.90577286752,9118.0,0.7372460086994799,0.5149700598802395,0.07784431137724551,0.08982035928143713,0.31137724550898205,0.00598802395209581
124,490788.66247638094,9771.0,1.9921837576509547,0.5149700598802395,0.07784431137724551,0.08982035928143713,0.31137724550898205,0.00598802395209581
125,35016.09796392507,6913.0,0.5293019811752123,0.5149700598802395,0.07784431137724551,0.08982035928143713,0.31137724550898205,0.00598802395209581
126,223417.5940539382,5748.0,1.2993093071436816,0.5149700598802395,0.07784431137724551,0.08982035928143713,0.31137724550898205,0.00598802395209581
127,185296.0000689916,7581.0,1.523196112280925,0.5149700598802395,0.07784431137724551,0.08982035928143713,0.31137724550898205,0.00598802395209581
128,353392.5368690318,3623.0,1.3254997210233666,0.5149700598802395,0.07784431137724551,0.08982035928143713,0.31137724550898205,0.00598802395209581
129,13128.78640833019,3707.0,0.9135984254324456,0.5149700598802395,0.07784431137724551,0.08982035928143713,0.31137724550898205,0.00598802395209581
130,410085.8558396199,6450.0,0.515462572392867,0.5149700598802395,0.07784431137724551,0.08982035928143713,0.31137724550898205,0.00598802395209581
131,392542.2424351991,8508.0,1.1566967955729857,0.5149700598802395,0.07784431137724551,0.08982035928143713,0.31137724550898205,0.00598802395209581
132,161771.87213489256,9771.0,1.6366419322657113,0.5149700598802395,0.07784431137724551,0.08982035928143713,0.31137724550898205,0.00598802395209581
133,384544.6190995261,9771.0,1.940600784493733,0.5149700598802395,0.07784431137724551,0.08982035928143713,0.31137724550898205,0.00598802395209581
134,10248.052590105308,3083.0,1.4973641977843817,0.5149700598802395,0.07784431137724551,0.08982035928143713,0.31137724550898205,0.00598802395209581
135,244935.24580394707,9771.0,1.8561188624185,0.5149700598802395,0.07784431137724551,0.08982035928143713,0.31137724550898205,0.00598802395209581
136,149496.95778926846,7581.0,1.0110505441970468,0.5149700598802395,0.07784431137724551,0.08982035928143713,0.31137724550898205,0.00598802395209581
137,394109.57542977383,9771.0,1.4196663849976128,0.5149700598802395,0.07784431137724551,0.08982035928143713,0.31137724550898205,0.00598802395209581
138,405765.190713571,3973.0,1.9841385750142364,0.5149700598802395,0.07784431137724551,0.08982035928143713,0.31137724550898205,0.00598802395209581
139,89149.31411141487,8707.0,0.6839250899498364,0.5149700598802395,0.07784431137724551,0.08982035928143713,0.31137724550898205,0.00598802395209581
140,324960.0527547501,2337.0,1.9575498738272097,0.5149700598802395,0.07784431137724551,0.08982035928143713,0.31137724550898205,0.00598802395209581
141,238299.33600440013,1731.0,0.5111177419009147,0.5149700598802395,0.07784431137724551,0.08982035928143713,0.31137724550898205,0.00598802395209581
142,108974.20196920354,9771.0,1.026134760353914,0.5149700598802395,0.07784431137724551,0.08982035928143713,0.31137724550898205,0.00598802395209581
143,178521.25365625325,7939.0,0.5008806575936849,0.5149700598802395,0.07784431137724551,0.08982035928143713,0.31137724550898205,0.00598802395209581
144,402941.6428958554,9771.0,0.6822450222530685,0.5149700598802395,0.07784431137724551,0.08982035928143713,0.31137724550898205,0.00598802395209581
145,398099.3422255529,7239.0,1.1254876472619035,0.5149700598802395,0.07784431137724551,0.08982035928143713,0.31137724550898205,0.00598802395209581
146,256263.1257768774,9771.0,0.953698768321319,0.5149700598802395,0.07784431137724551,0.08982035928143713,0.31137724550898205,0.00598802395209581
147,343422.74203320936,2623.0,1.5415356885293359,0.5149700598802395,0.07784431137724551,0.08982035928143713,0.31137724550898205,0.00598802395209581
148,418273.781371507,7408.0,0.6351106220611549,0.5149700598802395,0.07784431137724551,0.08982035928143713,0.31137724550898205,0.00598802395209581
149,136830.4285399433,9118.0,1.780145093085486,0.5149700598802395,0.07784431137724551,0.08982035928143713,0.31137724550898205,0.00598802395209581
150,128486.74660065034,5882.0,1.1980264336201671,0.5149700598802395,0.07784431137724551,0.08982035928143713,0.31137724550898205,0.00598802395209581
151,226364.44628481008,8707.0,1.4832021294982038,0.5149700598802395,0.07784431137724551,0.08982035928143713,0.31137724550898205,0.00598802395209581
152,275391.1099139148,8508.0,1.0766913372441544,0.5149700598802395,0.07784431137724551,0.08982035928143713,0.31137724550898205,0.00598802395209581
153,287742.04486308247,6601.0,1.6168539686073,0.5149700598802395,0.07784431137724551,0.08982035928143713,0.31137724550898205,0.00598802395209581
154,285278.4277595085,1943.0,0.9746133506284145,0.5149700598802395,0.07784431137724551,0.08982035928143713,0.31137724550898205,0.00598802395209581
155,166967.60410410346,5004.0,1.9876647254654838,0.5149700598802395,0.07784431137724551,0.08982035928143713,0.31137724550898205,0.00598802395209581
156,254483.06910035227,4357.0,1.6381538760047267,0.5149700598802395,0.07784431137724551,0.08982035928143713,0.31137724550898205,0.00598802395209581
157,63217.94620198296,9771.0,1.4463526907465507,0.5149700598802395,0.07784431137724551,0.08982035928143713,0.31137724550898205,0.00598802395209581
158,441458.9712966728,6755.0,1.6494364920954243,0.5149700598802395,0.07784431137724551,0.08982035928143713,0.31137724550898205,0.00598802395209581
159,170682.77529471603,1988.0,0.9058725480218817,0.5149700598802395,0.07784431137724551,0.08982035928143713,0.31137724550898205,0.00598802395209581
160,316872.49083092524,7939.0,0.9629719419887629,0.5149700598802395,0.07784431137724551,0.08982035928143713,0.31137724550898205,0.00598802395209581
161,231323.74693492297,4258.0,1.2642626539230284,0.5149700598802395,0.07784431137724551,0.08982035928143713,0.31137724550898205,0.00598802395209581
162,439592.507929128,8508.0,0.5185050560970099,0.5149700598802395,0.07784431137724551,0.08982035928143713,0.31137724550898205,0.00598802395209581
163,62610.01869139883,3083.0,1.5512410894209592,0.5149700598802395,0.07784431137724551,0.08982035928143713,0.31137724550898205,0.00598802395209581
164,334021.251991001,9771.0,1.11699132550437,0.5149700598802395,0.07784431137724551,0.08982035928143713,0.31137724550898205,0.00598802395209581
165,415470.1319278607,5241.0,1.9389781381643396,0.5149700598802395,0.07784431137724551,0.08982035928143713,0.31137724550898205,0.00598802395209581
166,496450.06362358003,7408.0,0.763638388879947,0.5149700598802395,0.07784431137724551,0.08982035928143713,0.31137724550898205,0.00598802395209581
167,450020.9160466079,6159.0,0.9209045970024117,0.5149700598802395,0.07784431137724551,0.08982035928143713,0.31137724550898205,0.00598802395209581
168,346051.7621214882,8707.0,0.6939298051998072,0.5149700598802395,0.07784431137724551,0.08982035928143713,0.31137724550898205,0.00598802395209581
169,102239.28174744493,1117.0,1.512927539141368,0.5149700598802395,0.07784431137724551,0.08982035928143713,0.31137724550898205,0.00598802395209581
170,207811.955636477,2447.0,1.699057265755549,0.5149700598802395,0.07784431137724551,0.08982035928143713,0.31137724550898205,0.00598802395209581
171,161759.11621446957,4357.0,0.7946720779437912,0.5149700598802395,0.07784431137724551,0.08982035928143713,0.31137724550898205,0.00598802395209581
172,490554.80552526057,8314.0,1.2525450346577882,0.5149700598802395,0.07784431137724551,0.08982035928143713,0.31137724550898205,0.00598802395209581
173,103318.66390381723,5004.0,1.5987916102735886,0.5149700598802395,0.07784431137724551,0.08982035928143713,0.31137724550898205,0.00598802395209581
174,342385.8823259911,7074.0,1.9013421021530932,0.5149700598802395,0.07784431137724551,0.08982035928143713,0.31137724550898205,0.00598802395209581
175,178431.75023469471,3012.0,0.5151789145199244,0.5149700598802395,0.07784431137724551,0.08982035928143713,0.31137724550898205,0.00598802395209581
176,84017.1806114205,6601.0,1.7026715132146262,0.5149700598802395,0.07784431137724551,0.08982035928143713,0.31137724550898205,0.00598802395209581
177,498220.0934314144,6601.0,1.2361733371305181,0.5149700598802395,0.07784431137724551,0.08982035928143713,0.31137724550898205,0.00598802395209581
178,85743.17468519969,1543.0,1.3104327251928507,0.5149700598802395,0.07784431137724551,0.08982035928143713,0.31137724550898205,0.00598802395209581
179,321302.8899536796,5121.0,0.5155031571328752,0.5149700598802395,0.07784431137724551,0.08982035928143713,0.31137724550898205,0.00598802395209581
180,39079.21010483807,8910.0,1.8278087472022704,0.5149700598802395,0.07784431137724551,0.08982035928143713,0.31137724550898205,0.00598802395209581
181,70342.37323713134,7939.0,1.3587869340269703,0.5149700598802395,0.07784431137724551,0.08982035928143713,0.31137724550898205,0.00598802395209581
182,85816.221874827,7408.0,1.9515283252860158,0.5149700598802395,0.07784431137724551,0.08982035928143713,0.31137724550898205,0.00598802395209581
183,208089.14782804286,5363.0,1.059582066038411,0.5149700598802395,0.07784431137724551,0.08982035928143713,0.31137724550898205,0.00598802395209581
184,336342.3611544983,7758.0,0.7442000404508153,0.5149700598802395,0.07784431137724551,0.08982035928143713,0.31137724550898205,0.00598802395209581
185,241031.9218052577,8508.0,0.541650889478825,0.5149700598802395,0.07784431137724551,0.08982035928143713,0.31137724550898205,0.00598802395209581
186,188581.14734240898,1197.0,0.8119041258184582,0.5149700598802395,0.07784431137724551,0.08982035928143713,0.31137724550898205,0.00598802395209581
187,407740.04195744894,8707.0,1.7058896330746462,0.5149700598802395,0.07784431137724551,0.08982035928143713,0.31137724550898205,0.00598802395209581
188,17754.402089182753,3083.0,0.5115684307584735,0.5149700598802395,0.07784431137724551,0.08982035928143713,0.31137724550898205,0.00598802395209581
189,410253.3726622269,5748.0,1.0749607312777414,0.5149700598802395,0.07784431137724551,0.08982035928143713,0.31137724550898205,0.00598802395209581
190,72938.56713909368,9771.0,1.7641557693018761,0.5149700598802395,0.07784431137724551,0.08982035928143713,0.31137724550898205,0.00598802395209581
191,348755.0747804578,6159.0,1.3456396839542935,0.5149700598802395,0.07784431137724551,0.08982035928143713,0.31137724550898205,0.00598802395209581
192,50487.17782696389,6303.0,1.572811454344659,0.5149700598802395,0.07784431137724551,0.08982035928143713,0.31137724550898205,0.00598802395209581
193,491206.53122693364,3154.0,1.6584657714550548,0.5149700598802395,0.07784431137724551,0.08982035928143713,0.31137724550898205,0.00598802395209581
194,388946.96666789043,8707.0,1.966413439602546,0.5149700598802395,0.07784431137724551,0.08982035928143713,0.31137724550898205,0.00598802395209581
195,262902.98050625983,2082.0,1.3063802646214135,0.5149700598802395,0.07784431137724551,0.08982035928143713,0.31137724550898205,0.00598802395209581
196,272186.7627475743,8910.0,1.7895605914345953,0.5149700598802395,0.07784431137724551,0.08982035928143713,0.31137724550898205,0.00598802395209581
197,25727.34724986305,7074.0,1.9870672250256933,0.5149700598802395,0.07784431137724551,0.08982035928143713,0.31137724550898205,0.00598802395209581
198,12075.121630367463,6755.0,0.8434616074685768,0.5149700598802395,0.07784431137724551,0.08982035928143713,0.31137724550898205,0.00598802395209581
199,495629.2083516906,8910.0,1.428233864039448,0.5149700598802395,0.07784431137724551,0.08982035928143713,0.31137724550898205,0.00598802395209581
200,387221.6425294485,9771.0,1.7514331868452633,0.5149700598802395,0.07784431137724551,0.08982035928143713,0.31137724550898205,0.00598802395209581
201,380500.17080364656,8910.0,1.5559038339426459,0.5149700598802395,0.07784431137724551,0.08982035928143713,0.31137724550898205,0.00598802395209581
202,335946.8506589636,3973.0,0.6202846693269688,0.5149700598802395,0.07784431137724551,0.08982035928143713,0.31137724550898205,0.00598802395209581
203,198395.44935953623,6913.0,0.9675571861666177,0.5149700598802395,0.07784431137724551,0.08982035928143713,0.31137724550898205,0.00598802395209581
204,222051.5599108377,8314.0,1.9750877497189683,0.5149700598802395,0.07784431137724551,0.08982035928143713,0.31137724550898205,0.00598802395209581
205,492943.5905612696,9771.0,1.79101679753987,0.5149700598802395,0.07784431137724551,0.08982035928143713,0.31137724550898205,0.00598802395209581
206,424559.50238852424,5616.0,1.7674412092339993,0.5149700598802395,0.07784431137724551,0.08982035928143713,0.31137724550898205,0.00598802395209581
207,288103.2508835935,9118.0,1.4139734007662716,0.5149700598802395,0.07784431137724551,0.08982035928143713,0.31137724550898205,0.00598802395209581
208,224289.46036355922,2623.0,1.0586434285776876,0.5149700598802395,0.07784431137724551,0.08982035928143713,0.31137724550898205,0.00598802395209581
209,313769.2111572866,3381.0,1.4523908814535933,0.5149700598802395,0.07784431137724551,0.08982035928143713,0.31137724550898205,0.00598802395209581
210,467890.5505696733,5748.0,1.4929646239318233,0.5149700598802395,0.07784431137724551,0.08982035928143713,0.31137724550898205,0.00598802395209581
211,418374.70244231937,2944.0,0.9964742385303493,0.5149700598802395,0.07784431137724551,0.08982035928143713,0.31137724550898205,0.00598802395209581
212,62588.15866596096,9118.0,1.9991028973184437,0.5149700598802395,0.07784431137724551,0.08982035928143713,0.31137724550898205,0.00598802395209581
213,166244.00231069658,1579.0,1.8404729471575985,0.5149700598802395,0.07784431137724551,0.08982035928143713,0.31137724550898205,0.00598802395209581
214,498924.64421527163,5121.0,0.9445872274840235,0.5149700598802395,0.07784431137724551,0.08982035928143713,0.31137724550898205,0.00598802395209581
215,286047.17996120424,7074.0,0.6811545252518433,0.5149700598802395,0.07784431137724551,0.08982035928143713,0.31137724550898205,0.00598802395209581
216,347393.7954551053,6913.0,1.18608209643734,0.5149700598802395,0.07784431137724551,0.08982035928143713,0.31137724550898205,0.00598802395209581
217,315729.29075470474,2337.0,0.7708084144922175,0.5149700598802395,0.07784431137724551,0.08982035928143713,0.31137724550898205,0.00598802395209581
218,35299.2449502648,2623.0,1.2069092352525752,0.5149700598802395,0.07784431137724551,0.08982035928143713,0.31137724550898205,0.00598802395209581
219,262175.2612590197,1899.0,1.72163462791918,0.5149700598802395,0.07784431137724551,0.08982035928143713,0.31137724550898205,0.00598802395209581
220,495183.28551483527,9771.0,1.100321248944978,0.5149700598802395,0.07784431137724551,0.08982035928143713,0.31137724550898205,0.00598802395209581
221,156066.0546764443,866.0,1.992979185745675,0.5149700598802395,0.07784431137724551,0.08982035928143713,0.31137724550898205,0.00598802395209581
222,94676.0956626391,3540.0,1.8512077335666741,0.5149700598802395,0.07784431137724551,0.08982035928143713,0.31137724550898205,0.00598802395209581
223,293458.4654401463,6019.0,0.5977865607651178,0.5149700598802395,0.07784431137724551,0.08982035928143713,0.31137724550898205,0.00598802395209581
224,180049.28527991497,8508.0,0.7578884352045678,0.5149700598802395,0.07784431137724551,0.08982035928143713,0.31137724550898205,0.00598802395209581
225,71928.77372989009,8910.0,1.0997225623493962,0.5149700598802395,0.07784431137724551,0.08982035928143713,0.31137724550898205,0.00598802395209581
226,365988.87378096185,4161.0,1.1797799444596089,0.5149700598802395,0.07784431137724551,0.08982035928143713,0.31137724550898205,0.00598802395209581
227,288504.83968959935,8910.0,0.5154711371027987,0.5149700598802395,0.07784431137724551,0.08982035928143713,0.31137724550898205,0.00598802395209581
228,10771.364529455344,509.0,1.3668599950139286,0.5149700598802395,0.07784431137724551,0.08982035928143713,0.31137724550898205,0.00598802395209581
229,48832.14610980757,4563.0,1.1961177978998323,0.5149700598802395,0.07784431137724551,0.08982035928143713,0.31137724550898205,0.00598802395209581
230,324592.14769191254,3381.0,1.008458753290177,0.5149700598802395,0.07784431137724551,0.08982035928143713,0.31137724550898205,0.00598802395209581
231,91405.73101550917,1507.0,1.8376630167083796,0.5149700598802395,0.07784431137724551,0.08982035928143713,0.31137724550898205,0.00598802395209581
232,68736.43176772655,8910.0,0.5112121829374408,0.5149700598802395,0.07784431137724551,0.08982035928143713,0.31137724550898205,0.00598802395209581
233,66903.87377012311,5488.0,0.7135554418052477,0.5149700598802395,0.07784431137724551,0.08982035928143713,0.31137724550898205,0.00598802395209581
234,139388.249033702,6913.0,1.1637783186805009,0.5149700598802395,0.07784431137724551,0.08982035928143713,0.31137724550898205,0.00598802395209581
235,317913.5183207205,9771.0,1.707059010858958,0.5149700598802395,0.07784431137724551,0.08982035928143713,0.31137724550898205,0.00598802395209581
236,13209.379892246392,5488.0,1.2345242976127957,0.5149700598802395,0.07784431137724551,0.08982035928143713,0.31137724550898205,0.00598802395209581
237,98679.55226527713,688.0,0.6766956914394444,0.5149700598802395,0.07784431137724551,0.08982035928143713,0.31137724550898205,0.00598802395209581
238,465958.86739680066,9771.0,1.402082834421177,0.5149700598802395,0.07784431137724551,0.08982035928143713,0.31137724550898205,0.00598802395209581
239,286802.50402796327,6450.0,1.4492325139041498,0.5149700598802395,0.07784431137724551,0.08982035928143713,0.31137724550898205,0.00598802395209581
240,197502.4423755642,6450.0,1.8235330807428387,0.5149700598802395,0.07784431137724551,0.08982035928143713,0.31137724550898205,0.00598802395209581
241,87238.63513984089,7408.0,0.8655856094913572,0.5149700598802395,0.07784431137724551,0.08982035928143713,0.31137724550898205,0.00598802395209581
242,159868.76809549428,8124.0,1.749099276478159,0.5149700598802395,0.07784431137724551,0.08982035928143713,0.31137724550898205,0.00598802395209581
243,227846.92431880103,6913.0,1.2939265202902095,0.5149700598802395,0.07784431137724551,0.08982035928143713,0.31137724550898205,0.00598802395209581
244,14880.86145528069,7581.0,1.0815094362793107,0.5149700598802395,0.07784431137724551,0.08982035928143713,0.31137724550898205,0.00598802395209581
245,201210.92233126477,2082.0,1.2929796898479307,0.5149700598802395,0.07784431137724551,0.08982035928143713,0.31137724550898205,0.00598802395209581
246,220810.35768169843,3540.0,1.6574226456796315,0.5149700598802395,0.07784431137724551,0.08982035928143713,0.31137724550898205,0.00598802395209581
247,184564.30948646704,6450.0,1.3140381911058283,0.5149700598802395,0.07784431137724551,0.08982035928143713,0.31137724550898205,0.00598802395209581
248,451448.60329296556,8910.0,1.6136500826594038,0.5149700598802395,0.07784431137724551,0.08982035928143713,0.31137724550898205,0.00598802395209581
249,498898.4979529491,7581.0,1.7570336132014064,0.5149700598802395,0.07784431137724551,0.08982035928143713,0.31137724550898205,0.00598802395209581
250,12281.547366326131,3303.0,1.9620362131630422,0.5149700598802395,0.07784431137724551,0.08982035928143713,0.31137724550898205,0.00598802395209581
251,12982.995390596041,9549.0,1.501385964781499,0.5149700598802395,0.07784431137724551,0.08982035928143713,0.31137724550898205,0.00598802395209581
252,104066.10973479968,3083.0,0.506720851513706,0.5149700598802395,0.07784431137724551,0.08982035928143713,0.31137724550898205,0.00598802395209581
253,149147.95892350937,8707.0,1.4343288168607313,0.5149700598802395,0.07784431137724551,0.08982035928143713,0.31137724550898205,0.00598802395209581
254,492142.6411568255,9331.0,0.7667745308734306,0.5149700598802395,0.07784431137724551,0.08982035928143713,0.31137724550898205,0.00598802395209581
255,235057.84166165188,8910.0,0.7074976297332979,0.5149700598802395,0.07784431137724551,0.08982035928143713,0.31137724550898205,0.00598802395209581
256,301299.514504418,3883.0,1.7151669351477115,0.5149700598802395,0.07784431137724551,0.08982035928143713,0.31137724550898205,0.00598802395209581
257,43944.682882397305,4563.0,1.665897894601648,0.5149700598802395,0.07784431137724551,0.08982035928143713,0.31137724550898205,0.00598802395209581
258,13770.198499574442,8707.0,1.6665560785922138,0.5149700598802395,0.07784431137724551,0.08982035928143713,0.31137724550898205,0.00598802395209581
259,319983.04072543036,7581.0,1.3121010530068207,0.5149700598802395,0.07784431137724551,0.08982035928143713,0.31137724550898205,0.00598802395209581
260,159877.30802366,2563.0,1.3549055310389597,0.5149700598802395,0.07784431137724551,0.08982035928143713,0.31137724550898205,0.00598802395209581
261,455544.88736289175,4066.0,1.6181571884953945,0.5149700598802395,0.07784431137724551,0.08982035928143713,0.31137724550898205,0.00598802395209581
262,209180.91461045304,9771.0,1.7142165659940938,0.5149700598802395,0.07784431137724551,0.08982035928143713,0.31137724550898205,0.00598802395209581
263,146876.62630606472,4670.0,0.9596072336505959,0.5149700598802395,0.07784431137724551,0.08982035928143713,0.31137724550898205,0.00598802395209581
264,118135.23776137843,5882.0,0.727726064627515,0.5149700598802395,0.07784431137724551,0.08982035928143713,0.31137724550898205,0.00598802395209581
265,247308.61227729608,5241.0,0.9585545344156856,0.5149700598802395,0.07784431137724551,0.08982035928143713,0.31137724550898205,0.00598802395209581
266,364666.24919663975,4066.0,1.4854965813402305,0.5149700598802395,0.07784431137724551,0.08982035928143713,0.31137724550898205,0.00598802395209581
267,138311.6603847745,8508.0,1.282763789111623,0.5149700598802395,0.07784431137724551,0.08982035928143713,0.31137724550898205,0.00598802395209581
268,264659.90559885453,1899.0,1.4823562779329293,0.5149700598802395,0.07784431137724551,0.08982035928143713,0.31137724550898205,0.00598802395209581
269,417227.10529094207,4779.0,1.2122338203783323,0.5149700598802395,0.07784431137724551,0.08982035928143713,0.31137724550898205,0.00598802395209581
270,154190.20267258474,1615.0,1.0675057099277856,0.5149700598802395,0.07784431137724551,0.08982035928143713,0.31137724550898205,0.00598802395209581
271,129505.20462208202,1543.0,0.5448123558728779,0.5149700598802395,0.07784431137724551,0.08982035928143713,0.31137724550898205,0.00598802395209581
272,347666.20077346714,5363.0,0.7608117201192048,0.5149700598802395,0.07784431137724551,0.08982035928143713,0.31137724550898205,0.00598802395209581
273,226117.8381883238,9118.0,1.090421879297967,0.5149700598802395,0.07784431137724551,0.08982035928143713,0.31137724550898205,0.00598802395209581
274,341023.55340647866,5488.0,1.037929398676593,0.5149700598802395,0.07784431137724551,0.08982035928143713,0.31137724550898205,0.00598802395209581
275,327248.1983777804,8910.0,1.998301891044039,0.5149700598802395,0.07784431137724551,0.08982035928143713,0.31137724550898205,0.00598802395209581
276,373667.7082753562,6601.0,1.482426414387495,0.5149700598802395,0.07784431137724551,0.08982035928143713,0.31137724550898205,0.00598802395209581
277,499868.6872866237,5004.0,1.4626845267470419,0.5149700598802395,0.07784431137724551,0.08982035928143713,0.31137724550898205,0.00598802395209581
278,430544.8786150605,9549.0,1.2739509469990729,0.5149700598802395,0.07784431137724551,0.08982035928143713,0.31137724550898205,0.00598802395209581
279,237689.10625858602,6755.0,1.646411359228795,0.5149700598802395,0.07784431137724551,0.08982035928143713,0.31137724550898205,0.00598802395209581
280,275721.9454083311,5616.0,1.983371265017793,0.5149700598802395,0.07784431137724551,0.08982035928143713,0.31137724550898205,0.00598802395209581
281,38720.14550324426,5363.0,1.996319460350439,0.5149700598802395,0.07784431137724551,0.08982035928143713,0.31137724550898205,0.00598802395209581
282,10088.044920291455,1066.0,1.9990761089504467,0.5149700598802395,0.07784431137724551,0.08982035928143713,0.31137724550898205,0.00598802395209581
283,296274.57421966863,3883.0,0.7509637036433131,0.5149700598802395,0.07784431137724551,0.08982035928143713,0.31137724550898205,0.00598802395209581
284,499133.6602422302,6755.0,1.4468856145604723,0.5149700598802395,0.07784431137724551,0.08982035928143713,0.31137724550898205,0.00598802395209581
285,26489.901493648915,509.0,0.5017550545419593,0.5149700598802395,0.07784431137724551,0.08982035928143713,0.31137724550898205,0.00598802395209581
286,84657.92413256763,6019.0,0.5388496805792136,0.5149700598802395,0.07784431137724551,0.08982035928143713,0.31137724550898205,0.00598802395209581
287,46647.80329264656,3012.0,1.8181432706397578,0.5149700598802395,0.07784431137724551,0.08982035928143713,0.31137724550898205,0.00598802395209581
288,46709.728426957176,4563.0,0.7394369897134634,0.5149700598802395,0.07784431137724551,0.08982035928143713,0.31137724550898205,0.00598802395209581
289,499436.2001060485,3012.0,0.5040940745505011,0.5149700598802395,0.07784431137724551,0.08982035928143713,0.31137724550898205,0.00598802395209581
290,497108.60827734985,3083.0,1.9947480010149206,0.5149700598802395,0.07784431137724551,0.08982035928143713,0.31137724550898205,0.00598802395209581
291,481565.22705125494,5241.0,0.6362067309053321,0.5149700598802395,0.07784431137724551,0.08982035928143713,0.31137724550898205,0.00598802395209581
292,14003.404450495467,6450.0,0.6588492564654429,0.5149700598802395,0.07784431137724551,0.08982035928143713,0.31137724550898205,0.00598802395209581
293,64556.86336497279,559.0,1.3016749209553085,0.5149700598802395,0.07784431137724551,0.08982035928143713,0.31137724550898205,0.00598802395209581
294,35914.974294675165,3083.0,1.0487598965219045,0.5149700598802395,0.07784431137724551,0.08982035928143713,0.31137724550898205,0.00598802395209581
295,444517.86867641367,3083.0,1.398648964852357,0.5149700598802395,0.07784431137724551,0.08982035928143713,0.31137724550898205,0.00598802395209581
296,133711.87395010667,4670.0,1.7602055203501425,0.5149700598802395,0.07784431137724551,0.08982035928143713,0.31137724550898205,0.00598802395209581
297,111872.78226232907,6450.0,1.0289031861532287,0.5149700598802395,0.07784431137724551,0.08982035928143713,0.31137724550898205,0.00598802395209581
298,134670.78297561576,3154.0,0.6241991070487458,0.5149700598802395,0.07784431137724551,0.08982035928143713,0.31137724550898205,0.00598802395209581
299,187854.06849491483,6019.0,0.8434693462393852,0.5149700598802395,0.07784431137724551,0.08982035928143713,0.31137724550898205,0.00598802395209581
300,85622.83685574777,4357.0,1.7685977146717993,0.5149700598802395,0.07784431137724551,0.08982035928143713,0.31137724550898205,0.00598802395209581
301,10551.67828844694,2447.0,1.6300472415190872,0.5149700598802395,0.07784431137724551,0.08982035928143713,0.31137724550898205,0.00598802395209581
302,382367.72331028234,2876.0,1.7697105054665383,0.5149700598802395,0.07784431137724551,0.08982035928143713,0.31137724550898205,0.00598802395209581
303,207425.47841118037,9771.0,1.5580348873520775,0.5149700598802395,0.07784431137724551,0.08982035928143713,0.31137724550898205,0.00598802395209581
304,140869.67883261776,9771.0,0.890915127807836,0.5149700598802395,0.07784431137724551,0.08982035928143713,0.31137724550898205,0.00598802395209581
305,424519.620675611,2944.0,0.6368741912046957,0.5149700598802395,0.07784431137724551,0.08982035928143713,0.31137724550898205,0.00598802395209581
306,192593.22637615088,4670.0,1.3886578789997899,0.5149700598802395,0.07784431137724551,0.08982035928143713,0.31137724550898205,0.00598802395209581
307,420493.02271160117,7074.0,0.9617165626377153,0.5149700598802395,0.07784431137724551,0.08982035928143713,0.31137724550898205,0.00598802395209581
308,431349.4538856792,5363.0,1.3824716791110712,0.5149700598802395,0.07784431137724551,0.08982035928143713,0.31137724550898205,0.00598802395209581
309,497747.3794702576,2944.0,0.9730392008679246,0.5149700598802395,0.07784431137724551,0.08982035928143713,0.31137724550898205,0.00598802395209581
310,301913.57469925255,9771.0,0.5647052208363135,0.5149700598802395,0.07784431137724551,0.08982035928143713,0.31137724550898205,0.00598802395209581
311,15543.891296244186,3540.0,0.7488160739227118,0.5149700598802395,0.07784431137724551,0.08982035928143713,0.31137724550898205,0.00598802395209581
312,19071.2220928436,9771.0,0.8598930492594534,0.5149700598802395,0.07784431137724551,0.08982035928143713,0.31137724550898205,0.00598802395209581
313,352295.99894775636,8508.0,1.0250544483072102,0.5149700598802395,0.07784431137724551,0.08982035928143713,0.31137724550898205,0.00598802395209581
314,123794.69399927328,7239.0,1.5121178100815982,0.5149700598802395,0.07784431137724551,0.08982035928143713,0.31137724550898205,0.00598802395209581
315,287805.80667484296,4258.0,0.5186556315888098,0.5149700598802395,0.07784431137724551,0.08982035928143713,0.31137724550898205,0.00598802395209581
316,152552.98412765257,7408.0,1.9556523709237195,0.5149700598802395,0.07784431137724551,0.08982035928143713,0.31137724550898205,0.00598802395209581
317,159742.16372197084,7239.0,0.6222031244705721,0.5149700598802395,0.07784431137724551,0.08982035928143713,0.31137724550898205,0.00598802395209581
318,211018.07572383672,1312.0,1.093704522684049,0.5149700598802395,0.07784431137724551,0.08982035928143713,0.31137724550898205,0.00598802395209581
319,110814.59966708615,4357.0,1.1292930318892802,0.5149700598802395,0.07784431137724551,0.08982035928143713,0.31137724550898205,0.00598802395209581
320,140167.96485965082,720.0,0.8235512698301647,0.5149700598802395,0.07784431137724551,0.08982035928143713,0.31137724550898205,0.00598802395209581
321,372877.70317412814,7581.0,1.00044304510652,0.5149700598802395,0.07784431137724551,0.08982035928143713,0.31137724550898205,0.00598802395209581
322,349171.8075558865,2504.0,0.5296453474595137,0.5149700598802395,0.07784431137724551,0.08982035928143713,0.31137724550898205,0.00598802395209581
323,413949.68612850795,3707.0,1.4907674544089917,0.5149700598802395,0.07784431137724551,0.08982035928143713,0.31137724550898205,0.00598802395209581
324,49514.732653347426,9549.0,1.6128815789825173,0.5149700598802395,0.07784431137724551,0.08982035928143713,0.31137724550898205,0.00598802395209581
325,391446.80782286194,8707.0,1.3064807615005352,0.5149700598802395,0.07784431137724551,0.08982035928143713,0.31137724550898205,0.00598802395209581
326,92745.08316911726,7758.0,0.6860799370067744,0.5149700598802395,0.07784431137724551,0.08982035928143713,0.31137724550898205,0.00598802395209581
327,463719.326400188,3228.0,1.2411815648158,0.5149700598802395,0.07784431137724551,0.08982035928143713,0.31137724550898205,0.00598802395209581
328,448199.5827141706,7408.0,1.0790759164671972,0.5149700598802395,0.07784431137724551,0.08982035928143713,0.31137724550898205,0.00598802395209581
329,388816.58743741876,7408.0,1.9315215020256744,0.5149700598802395,0.07784431137724551,0.08982035928143713,0.31137724550898205,0.00598802395209581
330,104975.88796914718,8707.0,1.5359066634496104,0.5149700598802395,0.07784431137724551,0.08982035928143713,0.31137724550898205,0.00598802395209581
331,119938.47253420988,4357.0,1.9789887059599853,0.5149700598802395,0.07784431137724551,0.08982035928143713,0.31137724550898205,0.00598802395209581
332,485106.4242575632,7408.0,1.175457742971996,0.5149700598802395,0.07784431137724551,0.08982035928143713,0.31137724550898205,0.00598802395209581
333,152795.24801860715,2284.0,0.6451277671277814,0.5149700598802395,0.07784431137724551,0.08982035928143713,0.31137724550898205,0.00598802395209581
334,185260.06703531992,1473.0,1.6517948919482879,0.5149700598802395,0.07784431137724551,0.08982035928143713,0.31137724550898205,0.00598802395209581
335,26338.33902629456,8707.0,1.3614200198598438,0.5149700598802395,0.07784431137724551,0.08982035928143713,0.31137724550898205,0.00598802395209581
336,13184.748178796266,2504.0,0.8543654471389326,0.5149700598802395,0.07784431137724551,0.08982035928143713,0.31137724550898205,0.00598802395209581
337,385254.12318337994,3460.0,0.8716521910259922,0.5149700598802395,0.07784431137724551,0.08982035928143713,0.31137724550898205,0.00598802395209581
338,14786.819004323708,5748.0,0.9451976851208606,0.5149700598802395,0.07784431137724551,0.08982035928143713,0.31137724550898205,0.00598802395209581
339,156433.85091877534,8508.0,1.1474423262943745,0.5149700598802395,0.07784431137724551,0.08982035928143713,0.31137724550898205,0.00598802395209581
340,146784.5638058831,3540.0,1.4551805178666604,0.5149700598802395,0.07784431137724551,0.08982035928143713,0.31137724550898205,0.00598802395209581
341,439044.1839153768,5241.0,0.9464116144111173,0.5149700598802395,0.07784431137724551,0.08982035928143713,0.31137724550898205,0.00598802395209581
342,227880.16592843013,2684.0,1.2105514285199523,0.5149700598802395,0.07784431137724551,0.08982035928143713,0.31137724550898205,0.00598802395209581
343,295176.75820507755,9771.0,1.8490782221464162,0.5149700598802395,0.07784431137724551,0.08982035928143713,0.31137724550898205,0.00598802395209581
344,186445.19676897483,1225.0,1.5101664439330094,0.5149700598802395,0.07784431137724551,0.08982035928143713,0.31137724550898205,0.00598802395209581
345,117290.06150470975,9771.0,1.3292357345649313,0.5149700598802395,0.07784431137724551,0.08982035928143713,0.31137724550898205,0.00598802395209581
346,75922.9242137752,5488.0,1.1585793652855711,0.5149700598802395,0.07784431137724551,0.08982035928143713,0.31137724550898205,0.00598802395209581
347,241389.41117629452,6601.0,1.1155840509438448,0.5149700598802395,0.07784431137724551,0.08982035928143713,0.31137724550898205,0.00598802395209581
348,324104.20148798794,3623.0,1.5910142114616184,0.5149700598802395,0.07784431137724551,0.08982035928143713,0.31137724550898205,0.00598802395209581
349,108090.11096264134,8124.0,0.9869079727582954,0.5149700598802395,0.07784431137724551,0.08982035928143713,0.31137724550898205,0.00598802395209581
350,414393.21259043255,7408.0,1.4534739200430111,0.5149700598802395,0.07784431137724551,0.08982035928143713,0.31137724550898205,0.00598802395209581
351,374885.4583020103,4779.0,1.986478680120115,0.5149700598802395,0.07784431137724551,0.08982035928143713,0.31137724550898205,0.00598802395209581
352,418685.87705954775,7939.0,0.8411027756264527,0.5149700598802395,0.07784431137724551,0.08982035928143713,0.31137724550898205,0.00598802395209581
353,499886.4932181837,4670.0,0.7583353415790952,0.5149700598802395,0.07784431137724551,0.08982035928143713,0.31137724550898205,0.00598802395209581
354,287880.8928179001,8508.0,1.227914127572275,0.5149700598802395,0.07784431137724551,0.08982035928143713,0.31137724550898205,0.00598802395209581
355,420425.151952353,8910.0,0.8304664222153957,0.5149700598802395,0.07784431137724551,0.08982035928143713,0.31137724550898205,0.00598802395209581
356,376997.11945367116,3083.0,1.0969820420062162,0.5149700598802395,0.07784431137724551,0.08982035928143713,0.31137724550898205,0.00598802395209581
357,170236.36903526032,6450.0,0.7027273991203458,0.5149700598802395,0.07784431137724551,0.08982035928143713,0.31137724550898205,0.00598802395209581
358,222382.5509606605,6019.0,0.5196460726565655,0.5149700598802395,0.07784431137724551,0.08982035928143713,0.31137724550898205,0.00598802395209581
359,143330.20598673116,9771.0,1.9869027774497434,0.5149700598802395,0.07784431137724551,0.08982035928143713,0.31137724550898205,0.00598802395209581
360,440839.08470112697,6601.0,1.9952180763898637,0.5149700598802395,0.07784431137724551,0.08982035928143713,0.31137724550898205,0.00598802395209581
361,347427.74601646076,9549.0,1.4372476005561352,0.5149700598802395,0.07784431137724551,0.08982035928143713,0.31137724550898205,0.00598802395209581
362,86214.75993163271,3083.0,1.678294552254952,0.5149700598802395,0.07784431137724551,0.08982035928143713,0.31137724550898205,0.00598802395209581
363,231181.88117239138,7758.0,1.4051884937439005,0.5149700598802395,0.07784431137724551,0.08982035928143713,0.31137724550898205,0.00598802395209581
364,62370.826756884264,704.0,1.792620743391445,0.5149700598802395,0.07784431137724551,0.08982035928143713,0.31137724550898205,0.00598802395209581
365,126924.2092009104,1473.0,1.735731934418549,0.5149700598802395,0.07784431137724551,0.08982035928143713,0.31137724550898205,0.00598802395209581
366,185502.46385600575,8910.0,1.9834411461309158,0.5149700598802395,0.07784431137724551,0.08982035928143713,0.31137724550898205,0.00598802395209581
367,460675.66022141115,8910.0,1.9967716933835051,0.5149700598802395,0.07784431137724551,0.08982035928143713,0.31137724550898205,0.00598802395209581
368,267911.62753803673,2232.0,0.6404309920397264,0.5149700598802395,0.07784431137724551,0.08982035928143713,0.31137724550898205,0.00598802395209581
369,133962.2830162404,4890.0,0.5075462012696803,0.5149700598802395,0.07784431137724551,0.08982035928143713,0.31137724550898205,0.00598802395209581
370,109455.46247305779,5121.0,1.3756237543954188,0.5149700598802395,0.07784431137724551,0.08982035928143713,0.31137724550898205,0.00598802395209581
371,468707.86739344924,6019.0,1.690199394156413,0.5149700598802395,0.07784431137724551,0.08982035928143713,0.31137724550898205,0.00598802395209581
372,244404.9750790073,5616.0,1.6115921237596553,0.5149700598802395,0.07784431137724551,0.08982035928143713,0.31137724550898205,0.00598802395209581
373,225015.36960325463,5616.0,1.9913941738966354,0.5149700598802395,0.07784431137724551,0.08982035928143713,0.31137724550898205,0.00598802395209581
374,293130.62875904626,2035.0,1.8318557855006707,0.5149700598802395,0.07784431137724551,0.08982035928143713,0.31137724550898205,0.00598802395209581
375,349467.0222434895,7939.0,1.8281122723668353,0.5149700598802395,0.07784431137724551,0.08982035928143713,0.31137724550898205,0.00598802395209581
376,231451.9045345056,4459.0,1.0150288123459394,0.5149700598802395,0.07784431137724551,0.08982035928143713,0.31137724550898205,0.00598802395209581
377,175383.20753830284,3883.0,1.2511079170774053,0.5149700598802395,0.07784431137724551,0.08982035928143713,0.31137724550898205,0.00598802395209581
378,209983.9551752065,5121.0,0.7731675069183892,0.5149700598802395,0.07784431137724551,0.08982035928143713,0.31137724550898205,0.00598802395209581
379,126134.6479037728,6913.0,1.6496086381292163,0.5149700598802395,0.07784431137724551,0.08982035928143713,0.31137724550898205,0.00598802395209581
380,157149.35614286663,6601.0,1.4774177164444697,0.5149700598802395,0.07784431137724551,0.08982035928143713,0.31137724550898205,0.00598802395209581
381,434924.59251372394,4890.0,0.6873561300580358,0.5149700598802395,0.07784431137724551,0.08982035928143713,0.31137724550898205,0.00598802395209581
382,137245.50652991608,6159.0,1.8315313743133468,0.5149700598802395,0.07784431137724551,0.08982035928143713,0.31137724550898205,0.00598802395209581
383,122851.86849756724,3794.0,0.7510002422854111,0.5149700598802395,0.07784431137724551,0.08982035928143713,0.31137724550898205,0.00598802395209581
384,422226.0830103279,3973.0,0.8508953884472923,0.5149700598802395,0.07784431137724551,0.08982035928143713,0.31137724550898205,0.00598802395209581
385,419526.82517667866,9771.0,0.956542985947481,0.5149700598802395,0.07784431137724551,0.08982035928143713,0.31137724550898205,0.00598802395209581
386,219475.41974139077,2082.0,1.88600129990653,0.5149700598802395,0.07784431137724551,0.08982035928143713,0.31137724550898205,0.00598802395209581
387,358281.23228203243,3794.0,1.9533253635205647,0.5149700598802395,0.07784431137724551,0.08982035928143713,0.31137724550898205,0.00598802395209581
388,294452.07094155607,5241.0,1.549135406069941,0.5149700598802395,0.07784431137724551,0.08982035928143713,0.31137724550898205,0.00598802395209581
389,315020.88028381794,7239.0,1.0757956430975733,0.5149700598802395,0.07784431137724551,0.08982035928143713,0.31137724550898205,0.00598802395209581
390,494307.4625451392,2944.0,1.5063483403872784,0.5149700598802395,0.07784431137724551,0.08982035928143713,0.31137724550898205,0.00598802395209581
391,316743.0496066956,6303.0,1.8120330548786554,0.5149700598802395,0.07784431137724551,0.08982035928143713,0.31137724550898205,0.00598802395209581
392,205026.98471319873,7074.0,1.991827032861829,0.5149700598802395,0.07784431137724551,0.08982035928143713,0.31137724550898205,0.00598802395209581
393,316886.4081207423,6450.0,1.9660306759191521,0.5149700598802395,0.07784431137724551,0.08982035928143713,0.31137724550898205,0.00598802395209581
394,138771.3312356592,5488.0,1.6573933335672004,0.5149700598802395,0.07784431137724551,0.08982035928143713,0.31137724550898205,0.00598802395209581
395,457953.6056727772,9771.0,1.6766035344882853,0.5149700598802395,0.07784431137724551,0.08982035928143713,0.31137724550898205,0.00598802395209581
396,413817.0039481263,6450.0,0.6796886360378286,0.5149700598802395,0.07784431137724551,0.08982035928143713,0.31137724550898205,0.00598802395209581
397,312471.1826414901,5363.0,1.3047120869750402,0.5149700598802395,0.07784431137724551,0.08982035928143713,0.31137724550898205,0.00598802395209581
398,498944.722815501,4258.0,1.6832451934063177,0.5149700598802395,0.07784431137724551,0.08982035928143713,0.31137724550898205,0.00598802395209581
399,61652.82157036091,7239.0,1.8112469463866632,0.5149700598802395,0.07784431137724551,0.08982035928143713,0.31137724550898205,0.00598802395209581
400,163552.81410568193,8910.0,0.5154324144431346,0.5149700598802395,0.07784431137724551,0.08982035928143713,0.31137724550898205,0.00598802395209581
401,190439.99444316895,2131.0,1.448502355077853,0.5149700598802395,0.07784431137724551,0.08982035928143713,0.31137724550898205,0.00598802395209581
402,86626.45119510303,6019.0,1.455966984802601,0.5149700598802395,0.07784431137724551,0.08982035928143713,0.31137724550898205,0.00598802395209581
403,323360.8483519395,2447.0,0.9103704797444024,0.5149700598802395,0.07784431137724551,0.08982035928143713,0.31137724550898205,0.00598802395209581
404,132658.43449645536,5616.0,0.9392489272757545,0.5149700598802395,0.07784431137724551,0.08982035928143713,0.31137724550898205,0.00598802395209581
405,91684.7229092935,8707.0,1.9023048250298153,0.5149700598802395,0.07784431137724551,0.08982035928143713,0.31137724550898205,0.00598802395209581
406,282335.8854775179,7939.0,0.5001138879583134,0.5149700598802395,0.07784431137724551,0.08982035928143713,0.31137724550898205,0.00598802395209581
407,13239.479537682073,3460.0,1.350995796553828,0.5149700598802395,0.07784431137724551,0.08982035928143713,0.31137724550898205,0.00598802395209581
408,10653.961302019896,9331.0,1.147425228952682,0.5149700598802395,0.07784431137724551,0.08982035928143713,0.31137724550898205,0.00598802395209581
409,336187.737108987,4563.0,1.2699238968569873,0.5149700598802395,0.07784431137724551,0.08982035928143713,0.31137724550898205,0.00598802395209581
410,426701.158829798,9549.0,1.9929232291227985,0.5149700598802395,0.07784431137724551,0.08982035928143713,0.31137724550898205,0.00598802395209581
411,105048.00715771112,599.0,0.9488936065105549,0.5149700598802395,0.07784431137724551,0.08982035928143713,0.31137724550898205,0.00598802395209581
412,115922.04841643664,2082.0,1.4447664851686386,0.5149700598802395,0.07784431137724551,0.08982035928143713,0.31137724550898205,0.00598802395209581
413,36044.387760551974,7758.0,1.5163357690296946,0.5149700598802395,0.07784431137724551,0.08982035928143713,0.31137724550898205,0.00598802395209581
414,117321.76800120473,4357.0,1.4660922431026913,0.5149700598802395,0.07784431137724551,0.08982035928143713,0.31137724550898205,0.00598802395209581
415,63462.585658678865,546.0,1.134913879245791,0.5149700598802395,0.07784431137724551,0.08982035928143713,0.31137724550898205,0.00598802395209581
416,376584.4112960448,7408.0,0.575370310368571,0.5149700598802395,0.07784431137724551,0.08982035928143713,0.31137724550898205,0.00598802395209581
417,324092.57469475915,8314.0,1.5406321053695256,0.5149700598802395,0.07784431137724551,0.08982035928143713,0.31137724550898205,0.00598802395209581
418,145513.72970680968,5748.0,0.611985533689248,0.5149700598802395,0.07784431137724551,0.08982035928143713,0.31137724550898205,0.00598802395209581
419,79264.09944871241,2391.0,1.2652337826354936,0.5149700598802395,0.07784431137724551,0.08982035928143713,0.31137724550898205,0.00598802395209581
420,496171.61402584135,6601.0,0.8491938618598537,0.5149700598802395,0.07784431137724551,0.08982035928143713,0.31137724550898205,0.00598802395209581
421,84277.33975086034,9771.0,0.5166399686972064,0.5149700598802395,0.07784431137724551,0.08982035928143713,0.31137724550898205,0.00598802395209581
422,455151.3927821825,7939.0,0.7089797210251353,0.5149700598802395,0.07784431137724551,0.08982035928143713,0.31137724550898205,0.00598802395209581
423,492587.53810221195,5748.0,0.5324328410371498,0.5149700598802395,0.07784431137724551,0.08982035928143713,0.31137724550898205,0.00598802395209581
424,10941.954859776717,572.0,0.7767000291566104,0.5149700598802395,0.07784431137724551,0.08982035928143713,0.31137724550898205,0.00598802395209581
425,234395.44879182504,4890.0,1.148973352593426,0.5149700598802395,0.07784431137724551,0.08982035928143713,0.31137724550898205,0.00598802395209581
426,185328.45155234396,7408.0,1.3650959449217064,0.5149700598802395,0.07784431137724551,0.08982035928143713,0.31137724550898205,0.00598802395209581
427,246203.18044033824,3303.0,1.9850647112439137,0.5149700598802395,0.07784431137724551,0.08982035928143713,0.31137724550898205,0.00598802395209581
428,117963.20085761149,8508.0,0.5027594512979747,0.5149700598802395,0.07784431137724551,0.08982035928143713,0.31137724550898205,0.00598802395209581
429,448168.506324668,7758.0,1.8509128972457258,0.5149700598802395,0.07784431137724551,0.08982035928143713,0.31137724550898205,0.00598802395209581
430,182008.53915151663,6601.0,0.5041382160840806,0.5149700598802395,0.07784431137724551,0.08982035928143713,0.31137724550898205,0.00598802395209581
431,200292.27704050095,8910.0,0.9176172289833797,0.5149700598802395,0.07784431137724551,0.08982035928143713,0.31137724550898205,0.00598802395209581
432,388312.8760807833,6601.0,1.8403634509313629,0.5149700598802395,0.07784431137724551,0.08982035928143713,0.31137724550898205,0.00598802395209581
433,19041.282870712083,4779.0,0.8850713897483942,0.5149700598802395,0.07784431137724551,0.08982035928143713,0.31137724550898205,0.00598802395209581
434,382752.8125046753,8314.0,0.7426656307114323,0.5149700598802395,0.07784431137724551,0.08982035928143713,0.31137724550898205,0.00598802395209581
435,259729.52274611953,2876.0,0.7651338609679293,0.5149700598802395,0.07784431137724551,0.08982035928143713,0.31137724550898205,0.00598802395209581
436,467781.86443595384,4161.0,1.206419593373079,0.5149700598802395,0.07784431137724551,0.08982035928143713,0.31137724550898205,0.00598802395209581
437,78233.68891007928,1943.0,1.9902630426730747,0.5149700598802395,0.07784431137724551,0.08982035928143713,0.31137724550898205,0.00598802395209581
438,456310.44846187584,6303.0,0.7777754635384153,0.5149700598802395,0.07784431137724551,0.08982035928143713,0.31137724550898205,0.00598802395209581
439,192496.11825818033,7939.0,0.9262318115884085,0.5149700598802395,0.07784431137724551,0.08982035928143713,0.31137724550898205,0.00598802395209581
440,193257.96253113486,7408.0,1.7048217220870006,0.5149700598802395,0.07784431137724551,0.08982035928143713,0.31137724550898205,0.00598802395209581
441,460759.5914941099,7074.0,1.5274629084955644,0.5149700598802395,0.07784431137724551,0.08982035928143713,0.31137724550898205,0.00598802395209581
442,232518.60789560367,6303.0,1.906803755288974,0.5149700598802395,0.07784431137724551,0.08982035928143713,0.31137724550898205,0.00598802395209581
443,125956.85507906153,1225.0,1.2465827295571958,0.5149700598802395,0.07784431137724551,0.08982035928143713,0.31137724550898205,0.00598802395209581
444,89280.81102310569,6450.0,0.8221264817085587,0.5149700598802395,0.07784431137724551,0.08982035928143713,0.31137724550898205,0.00598802395209581
445,375316.4638716719,5363.0,0.6494547754214612,0.5149700598802395,0.07784431137724551,0.08982035928143713,0.31137724550898205,0.00598802395209581
446,154049.9225051145,5121.0,1.116445462105821,0.5149700598802395,0.07784431137724551,0.08982035928143713,0.31137724550898205,0.00598802395209581
447,499824.9290792263,3883.0,0.53975628470579,0.5149700598802395,0.07784431137724551,0.08982035928143713,0.31137724550898205,0.00598802395209581
448,301543.28229198355,8910.0,0.7212147664421318,0.5149700598802395,0.07784431137724551,0.08982035928143713,0.31137724550898205,0.00598802395209581
449,243438.9244104687,8707.0,1.65874169358732,0.5149700598802395,0.07784431137724551,0.08982035928143713,0.31137724550898205,0.00598802395209581
450,263225.4426719884,7939.0,0.7560648192568966,0.5149700598802395,0.07784431137724551,0.08982035928143713,0.31137724550898205,0.00598802395209581
451,496654.6402879044,7408.0,1.3216230513800227,0.5149700598802395,0.07784431137724551,0.08982035928143713,0.31137724550898205,0.00598802395209581
452,351557.5948946173,9771.0,1.6141486176272424,0.5149700598802395,0.07784431137724551,0.08982035928143713,0.31137724550898205,0.00598802395209581
453,23375.871576814316,7581.0,0.9147507255202415,0.5149700598802395,0.07784431137724551,0.08982035928143713,0.31137724550898205,0.00598802395209581
454,323504.44105391775,8124.0,0.5492074542811659,0.5149700598802395,0.07784431137724551,0.08982035928143713,0.31137724550898205,0.00598802395209581
455,155179.72868107824,4563.0,0.6604604851868221,0.5149700598802395,0.07784431137724551,0.08982035928143713,0.31137724550898205,0.00598802395209581
456,213653.99973870677,4670.0,1.6190549855899,0.5149700598802395,0.07784431137724551,0.08982035928143713,0.31137724550898205,0.00598802395209581
457,368237.2411780229,7758.0,1.5558332539860638,0.5149700598802395,0.07784431137724551,0.08982035928143713,0.31137724550898205,0.00598802395209581
458,287849.97704699007,5004.0,0.7913443223243588,0.5149700598802395,0.07784431137724551,0.08982035928143713,0.31137724550898205,0.00598802395209581
459,84639.63707772996,6913.0,1.5639709309199148,0.5149700598802395,0.07784431137724551,0.08982035928143713,0.31137724550898205,0.00598802395209581
460,403660.11935014883,9118.0,1.8378008121658276,0.5149700598802395,0.07784431137724551,0.08982035928143713,0.31137724550898205,0.00598802395209581
461,86000.04606934988,8910.0,1.2556451896923595,0.5149700598802395,0.07784431137724551,0.08982035928143713,0.31137724550898205,0.00598802395209581
462,15321.764719333753,4357.0,1.9691136076302336,0.5149700598802395,0.07784431137724551,0.08982035928143713,0.31137724550898205,0.00598802395209581
463,110986.14833392997,9771.0,1.4689167943766184,0.5149700598802395,0.07784431137724551,0.08982035928143713,0.31137724550898205,0.00598802395209581
464,313177.1324671438,3154.0,1.7772424423582907,0.5149700598802395,0.07784431137724551,0.08982035928143713,0.31137724550898205,0.00598802395209581
465,280094.84929855017,5616.0,1.8316433356789004,0.5149700598802395,0.07784431137724551,0.08982035928143713,0.31137724550898205,0.00598802395209581
466,331386.10749786237,6159.0,1.6687766706860616,0.5149700598802395,0.07784431137724551,0.08982035928143713,0.31137724550898205,0.00598802395209581
467,371755.4664446144,7239.0,0.8213270782187878,0.5149700598802395,0.07784431137724551,0.08982035928143713,0.31137724550898205,0.00598802395209581
468,128171.44735429618,1692.0,0.8756513708453082,0.5149700598802395,0.07784431137724551,0.08982035928143713,0.31137724550898205,0.00598802395209581
469,294760.06927387376,6450.0,0.8695782289674907,0.5149700598802395,0.07784431137724551,0.08982035928143713,0.31137724550898205,0.00598802395209581
470,187503.51224330254,3540.0,0.8346914962642262,0.5149700598802395,0.07784431137724551,0.08982035928143713,0.31137724550898205,0.00598802395209581
471,285461.86983127997,7074.0,0.9700806227380069,0.5149700598802395,0.07784431137724551,0.08982035928143713,0.31137724550898205,0.00598802395209581
472,268044.0367300316,9771.0,1.3190482708146265,0.5149700598802395,0.07784431137724551,0.08982035928143713,0.31137724550898205,0.00598802395209581
473,454648.52527948015,3228.0,0.908654094629818,0.5149700598802395,0.07784431137724551,0.08982035928143713,0.31137724550898205,0.00598802395209581
474,21933.990687993813,9771.0,0.6496455805868214,0.5149700598802395,0.07784431137724551,0.08982035928143713,0.31137724550898205,0.00598802395209581
475,134012.8918022663,7581.0,0.5021768059300127,0.5149700598802395,0.07784431137724551,0.08982035928143713,0.31137724550898205,0.00598802395209581
476,11200.325069696308,572.0,1.4986886761815748,0.5149700598802395,0.07784431137724551,0.08982035928143713,0.31137724550898205,0.00598802395209581
477,385664.5913053248,5488.0,1.3596255092723795,0.5149700598802395,0.07784431137724551,0.08982035928143713,0.31137724550898205,0.00598802395209581
478,67846.18420716061,2504.0,0.5088249524400448,0.5149700598802395,0.07784431137724551,0.08982035928143713,0.31137724550898205,0.00598802395209581
479,59538.01280915063,7758.0,1.1609523534804478,0.5149700598802395,0.07784431137724551,0.08982035928143713,0.31137724550898205,0.00598802395209581
480,238924.62350772534,2811.0,1.5986074232088954,0.5149700598802395,0.07784431137724551,0.08982035928143713,0.31137724550898205,0.00598802395209581
481,202027.83278541878,9331.0,1.4062986700667182,0.5149700598802395,0.07784431137724551,0.08982035928143713,0.31137724550898205,0.00598802395209581
482,88845.29824636427,6913.0,0.5171861947417691,0.5149700598802395,0.07784431137724551,0.08982035928143713,0.31137724550898205,0.00598802395209581
483,36548.51519084112,1253.0,1.3999312852590335,0.5149700598802395,0.07784431137724551,0.08982035928143713,0.31137724550898205,0.00598802395209581
484,193804.66836643114,3012.0,0.9718022377983797,0.5149700598802395,0.07784431137724551,0.08982035928143713,0.31137724550898205,0.00598802395209581
485,279138.6234056729,9771.0,1.077628266602059,0.5149700598802395,0.07784431137724551,0.08982035928143713,0.31137724550898205,0.00598802395209581
486,99886.46791990046,6601.0,0.6482267255783863,0.5149700598802395,0.07784431137724551,0.08982035928143713,0.31137724550898205,0.00598802395209581
487,251300.9928890405,9331.0,0.8378931283628385,0.5149700598802395,0.07784431137724551,0.08982035928143713,0.31137724550898205,0.00598802395209581
488,223450.51367200166,3883.0,1.1245567636295686,0.5149700598802395,0.07784431137724551,0.08982035928143713,0.31137724550898205,0.00598802395209581
489,236631.28481763968,8707.0,1.2640222914416055,0.5149700598802395,0.07784431137724551,0.08982035928143713,0.31137724550898205,0.00598802395209581
490,447284.78584637755,7939.0,1.714772508582777,0.5149700598802395,0.07784431137724551,0.08982035928143713,0.31137724550898205,0.00598802395209581
491,66874.66230114881,599.0,0.5826769045121671,0.5149700598802395,0.07784431137724551,0.08982035928143713,0.31137724550898205,0.00598802395209581
492,317984.13685312873,8910.0,1.1201638794072355,0.5149700598802395,0.07784431137724551,0.08982035928143713,0.31137724550898205,0.00598802395209581
493,322730.9046482083,3794.0,1.1259347896493874,0.5149700598802395,0.07784431137724551,0.08982035928143713,0.31137724550898205,0.00598802395209581
494,265341.7241531622,2747.0,1.4626805831339975,0.5149700598802395,0.07784431137724551,0.08982035928143713,0.31137724550898205,0.00598802395209581
495,475325.9003117772,5882.0,1.210076615961752,0.5149700598802395,0.07784431137724551,0.08982035928143713,0.31137724550898205,0.00598802395209581
496,393821.5912905832,9118.0,0.5592893638438405,0.5149700598802395,0.07784431137724551,0.08982035928143713,0.31137724550898205,0.00598802395209581
497,158042.2362115548,2747.0,1.8965799804230707,0.5149700598802395,0.07784431137724551,0.08982035928143713,0.31137724550898205,0.00598802395209581
498,164380.14447137536,9771.0,1.322810780794305,0.5149700598802395,0.07784431137724551,0.08982035928143713,0.31137724550898205,0.00598802395209581
499,272028.4912692829,6913.0,1.3333404076404667,0.5149700598802395,0.07784431137724551,0.08982035928143713,0.31137724550898205,0.00598802395209581
