,time [fs]
0,2.1885808100269795e-32
1,4.6095277920389e-17
2,1.3119231634644916e-16
3,2.2261273517547095e-16
4,3.4033110954462383e-16
5,4.925351081721269e-16
6,6.778397498489221e-16
7,8.963800409404133e-16
8,1.1286359110566722e-15
9,1.3691086584766184e-15
10,1.6080212283422372e-15
11,1.814625814716423e-15
12,2.0008938290858745e-15
13,2.1767599104662664e-15
14,2.329269260404045e-15
15,2.4581160157268743e-15
16,2.572343356104618e-15
17,2.674619282455729e-15
18,2.765489198904018e-15
19,2.8480574399923686e-15
20,2.924980808021683e-15
21,2.9969217259815286e-15
22,3.0642066004255293e-15
23,3.127655667962403e-15
24,3.1880845197612914e-15
25,3.245834648266779e-15
26,3.300940270737975e-15
27,3.3536827189726873e-15
28,3.40447957589918e-15
29,3.453674439952651e-15
30,3.501470093823828e-15
31,3.5479989352129856e-15
32,3.593323236967724e-15
33,3.637487648431303e-15
34,3.680523158192351e-15
35,3.722444334510405e-15
36,3.763285619159357e-15
37,3.803129481549601e-15
38,3.842057906263527e-15
39,3.880146916850305e-15
40,3.917466484238109e-15
41,3.954073465032284e-15
42,3.990005874359066e-15
43,4.025296804002474e-15
44,4.059976218774303e-15
45,4.094071175089635e-15
46,4.127608775223977e-15
47,4.160617639336895e-15
48,4.193124648623034e-15
49,4.22515491372279e-15
50,4.256731790561464e-15
51,4.287876488694602e-15
52,4.3186078211974086e-15
53,4.348943289708449e-15
54,4.378899276179008e-15
55,4.408491096189708e-15
56,4.437733333896622e-15
57,4.466639932511011e-15
58,4.495224042982998e-15
59,4.523498066634902e-15
60,4.5514737111283384e-15
61,4.579161990754162e-15
62,4.606573255952754e-15
63,4.6337173063233816e-15
64,4.6606034238316436e-15
65,4.687240405818607e-15
66,4.7136366325252215e-15
67,4.7398000797574665e-15
68,4.765738335891061e-15
69,4.791458626626944e-15
70,4.816967836705456e-15
71,4.842272516455477e-15
72,4.867378917697426e-15
73,4.8922930145411006e-15
74,4.917020511125803e-15
75,4.941566857922445e-15
76,4.96593727323803e-15
77,4.9901367583145845e-15
78,5.0141700982409545e-15
79,5.038041880248908e-15
80,5.0617565024361755e-15
81,5.085318187089619e-15
82,5.108730986364514e-15
83,5.131998791379914e-15
84,5.155125346322128e-15
85,5.17811424319614e-15
86,5.2009689439068636e-15
87,5.223692781302976e-15
88,5.2462889598653396e-15
89,5.268760565292823e-15
90,5.29111057351114e-15
91,5.313341853955027e-15
92,5.335457177572921e-15
93,5.3574592106381445e-15
94,5.379350526682083e-15
95,5.4011336161534066e-15
96,5.422810884883055e-15
97,5.444384651786988e-15
98,5.465857158831926e-15
99,5.487230581315886e-15
100,5.50850701865314e-15
101,5.5296884947668115e-15
102,5.5507769806405176e-15
103,5.571774381828824e-15
104,5.592682533092313e-15
105,5.613503222723584e-15
106,5.6342381857815175e-15
107,5.654889096842623e-15
108,5.675457575993384e-15
109,5.695945203023754e-15
110,5.716353511136282e-15
111,5.736683982412156e-15
112,5.756938056038735e-15
113,5.777117130300029e-15
114,5.7972225649761735e-15
115,5.817255681116428e-15
116,5.8372177530208855e-15
117,5.857110028388842e-15
118,5.8769337235159546e-15
119,5.896690007835283e-15
120,5.9163800288188844e-15
121,5.936004902748667e-15
122,5.955565706894676e-15
123,5.975063495008105e-15
124,5.994499293376563e-15
125,6.013874101815982e-15
126,6.033188894339422e-15
127,6.052444613909207e-15
128,6.07164217969318e-15
129,6.09078249369535e-15
130,6.109866433077275e-15
131,6.128894850185649e-15
132,6.147868570010723e-15
133,6.166788401563781e-15
134,6.18565514322797e-15
135,6.204469565973587e-15
136,6.223232417292435e-15
137,6.2419444317302266e-15
138,6.260606329330498e-15
139,6.2792188047946805e-15
140,6.297782537798721e-15
141,6.3162982013183625e-15
142,6.3347664429569615e-15
143,6.353187894756746e-15
144,6.371563180483402e-15
145,6.389892905654539e-15
146,6.408177661802787e-15
147,6.426418028998667e-15
148,6.444614575345636e-15
149,6.462767852104057e-15
150,6.480878397877177e-15
151,6.4989467435785525e-15
152,6.516973406057085e-15
153,6.534958893529776e-15
154,6.552903701538878e-15
155,6.570808314880621e-15
156,6.58867320789702e-15
157,6.6064988448534965e-15
158,6.624285678872844e-15
159,6.642034156359696e-15
160,6.6597447151903975e-15
161,6.677417780592835e-15
162,6.6950537749644885e-15
163,6.7126531087605206e-15
164,6.730216173863654e-15
165,6.747743369135421e-15
166,6.765235087251285e-15
167,6.78269170506305e-15
168,6.800113589821852e-15
169,6.8175011067745574e-15
170,6.834854615570568e-15
171,6.8521744655994635e-15
172,6.869460999317034e-15
173,6.886714555570863e-15
174,6.903935468152658e-15
175,6.921124054772776e-15
176,6.938280638701939e-15
177,6.955405539433548e-15
178,6.972499060281458e-15
179,6.989561502722549e-15
180,7.006593165467744e-15
181,7.023594341587899e-15
182,7.040565319751579e-15
183,7.057506378173547e-15
184,7.074417795216327e-15
185,7.09129984530111e-15
186,7.10815279639401e-15
187,7.124976911430029e-15
188,7.141772448724405e-15
189,7.158539667119283e-15
190,7.175278818167162e-15
191,7.191990146080654e-15
192,7.208673896505736e-15
193,7.225330312344844e-15
194,7.241959625603489e-15
195,7.258562066297543e-15
196,7.275137864833993e-15
197,7.291687248426335e-15
198,7.308210443098467e-15
199,7.324707665351972e-15
200,7.3411791241059e-15
201,7.357625035811323e-15
202,7.374045616333447e-15
203,7.39044107191597e-15
204,7.406811601749506e-15
205,7.423157405120308e-15
206,7.439478681206506e-15
207,7.455775628843251e-15
208,7.472048444188824e-15
209,7.488297313423409e-15
210,7.504522423900363e-15
211,7.520723963834779e-15
212,7.536902114421298e-15
213,7.553057059281463e-15
214,7.569188976927778e-15
215,7.585298040260903e-15
216,7.601384427433019e-15
217,7.61744831244037e-15
218,7.633489863722254e-15
219,7.649509244553101e-15
220,7.665506622965263e-15
221,7.681482169460044e-15
222,7.697436044684389e-15
223,7.713368406669635e-15
224,7.729279417685188e-15
225,7.745169231000035e-15
226,7.761037999341286e-15
227,7.776885883559465e-15
228,7.792713037435083e-15
229,7.80851960235084e-15
230,7.824305724227508e-15
231,7.840071558060911e-15
232,7.855817251478538e-15
233,7.871542945162576e-15
234,7.887248784510124e-15
235,7.902934909285243e-15
236,7.918601456647592e-15
237,7.934248568878684e-15
238,7.94987637979756e-15
239,7.965485025444748e-15
240,7.981074643764473e-15
241,7.996645363903065e-15
242,8.012197317308425e-15
243,8.027730633066168e-15
244,8.043245439685802e-15
245,8.058741873844503e-15
246,8.074220058729037e-15
247,8.089680113477587e-15
248,8.10512216661452e-15
249,8.120546344006999e-15
250,8.135952764958679e-15
251,8.15134154917259e-15
252,8.166712815868237e-15
253,8.182066684645034e-15
254,8.197403276363242e-15
255,8.212722705370132e-15
256,8.228025082558264e-15
257,8.24331052174526e-15
258,8.258579139572405e-15
259,8.273831053643463e-15
260,8.289066368063349e-15
261,8.304285189695498e-15
262,8.319487634131167e-15
263,8.334673805345306e-15
264,8.349843810769487e-15
265,8.364997755020067e-15
266,8.38013573656174e-15
267,8.395257869571812e-15
268,8.41036426171511e-15
269,8.425455003359744e-15
270,8.44053019403237e-15
271,8.455589936845675e-15
272,8.470634332017394e-15
273,8.485663473801467e-15
274,8.500677458100593e-15
275,8.515676377242059e-15
276,8.530660244272556e-15
277,8.545629020359331e-15
278,8.560582816438322e-15
279,8.575521747648525e-15
280,8.590445911625978e-15
281,8.605355398243479e-15
282,8.620250292958362e-15
283,8.635130695482627e-15
284,8.649996702725378e-15
285,8.66484839976088e-15
286,8.67968587363193e-15
287,8.694509210261338e-15
288,8.709318502583369e-15
289,8.724113837834541e-15
290,8.738895312107105e-15
291,8.753663006982925e-15
292,8.768416933710784e-15
293,8.783157014199196e-15
294,8.797883097021096e-15
295,8.812595128065985e-15
296,8.827293156238918e-15
297,8.841977154890946e-15
298,8.856646937621208e-15
299,8.871302366999266e-15
300,8.885943509701309e-15
301,8.900570512728834e-15
302,8.915183500291352e-15
303,8.929782564995638e-15
304,8.944367842175716e-15
305,8.958939435450458e-15
306,8.973497121215187e-15
307,8.988040908864137e-15
308,9.002570981606926e-15
309,9.017087481613848e-15
310,9.031590125875653e-15
311,9.046078445395145e-15
312,9.060552237128382e-15
313,9.07501160225502e-15
314,9.08945667033284e-15
315,9.103887594457063e-15
316,9.11830439807185e-15
317,9.132706602268365e-15
318,9.147093840123941e-15
319,9.16146588384803e-15
320,9.175821971091911e-15
321,9.190161770457876e-15
322,9.204485039868404e-15
323,9.21879131318621e-15
324,9.23308057741088e-15
325,9.247352742654924e-15
326,9.261607886166634e-15
327,9.275845975995893e-15
328,9.290066485236417e-15
329,9.30426857446411e-15
330,9.318452113139614e-15
331,9.332617187870918e-15
332,9.346763712498919e-15
333,9.360891491086553e-15
334,9.375000354713961e-15
335,9.389090402098734e-15
336,9.40316160795139e-15
337,9.417212931193205e-15
338,9.431243590038967e-15
339,9.445253418002981e-15
340,9.45924229926297e-15
341,9.473210164585895e-15
342,9.48715683128418e-15
343,9.501082091365428e-15
344,9.514985051632542e-15
345,9.528865252374909e-15
346,9.542722571813053e-15
347,9.556557016791314e-15
348,9.570368194410377e-15
349,9.584155690958472e-15
350,9.597918882345975e-15
351,9.611656897888755e-15
352,9.62536960879913e-15
353,9.63905681791846e-15
354,9.652718681050321e-15
355,9.666355515377576e-15
356,9.679967441831881e-15
357,9.693554497282417e-15
358,9.707116620496006e-15
359,9.720653816552776e-15
360,9.734165887316635e-15
361,9.747652521551821e-15
362,9.761113292362814e-15
363,9.774548195709654e-15
364,9.787957399851863e-15
365,9.80134090655206e-15
366,9.814698975221039e-15
367,9.828032114210876e-15
368,9.841340832085458e-15
369,9.854625232526216e-15
370,9.867885302929894e-15
371,9.881121177290468e-15
372,9.894332907342258e-15
373,9.907520942650188e-15
374,9.920685671354943e-15
375,9.933826029362216e-15
376,9.946940756895654e-15
377,9.960029922099397e-15
378,9.973093944830286e-15
379,9.986133108512556e-15
380,9.999147332146281e-15
381,1.0012136161970333e-14
382,1.0025099433802336e-14
383,1.0038037156280701e-14
384,1.0050949704302745e-14
385,1.006383757172633e-14
386,1.0076701117079445e-14
387,1.0089540792844549e-14
388,1.0102356995500322e-14
389,1.011514959804929e-14
390,1.0127918483192119e-14
391,1.014066364760382e-14
392,1.015338535085378e-14
393,1.0166083944138013e-14
394,1.0178759596758578e-14
395,1.0191412360242048e-14
396,1.0204041989754967e-14
397,1.0216648344239034e-14
398,1.0229231569821887e-14
399,1.0241791755007306e-14
400,1.0254328912822597e-14
401,1.0266843392053577e-14
402,1.0279335472431193e-14
403,1.0291804455948164e-14
404,1.0304249467826079e-14
405,1.031667042909181e-14
406,1.0329067561248252e-14
407,1.0341441024266262e-14
408,1.0353791174678318e-14
409,1.0366118534316686e-14
410,1.0378423527577745e-14
411,1.0390706413653908e-14
412,1.04029674041311e-14
413,1.0415206704795556e-14
414,1.04274245936228e-14
415,1.0439621391261196e-14
416,1.0451797476445805e-14
417,1.0463953311711399e-14
418,1.0476089218902559e-14
419,1.0488205384101421e-14
420,1.050030200703722e-14
421,1.0512379299345638e-14
422,1.052443755630594e-14
423,1.0536477097860589e-14
424,1.0548498198782899e-14
425,1.0560501140811368e-14
426,1.0572486252527332e-14
427,1.0584453862050273e-14
428,1.0596404249984954e-14
429,1.0608337710793818e-14
430,1.0620254699274887e-14
431,1.0632155431764896e-14
432,1.0644039523606735e-14
433,1.0655906880045537e-14
434,1.0667757964214819e-14
435,1.0679593151176715e-14
436,1.0691412698908121e-14
437,1.0703216890500924e-14
438,1.0715006029627477e-14
439,1.0726780414696175e-14
440,1.073854033463462e-14
441,1.0750286063409801e-14
442,1.0762017902336623e-14
443,1.0773736196298264e-14
444,1.0785441193814697e-14
445,1.079713304942764e-14
446,1.0808811963593483e-14
447,1.0820478061800293e-14
448,1.0832131445125814e-14
449,1.0843772208428133e-14
450,1.0855400550038312e-14
451,1.0867016773173139e-14
452,1.087862104736632e-14
453,1.0890213273047134e-14
454,1.0901793347414477e-14
455,1.0913361400326281e-14
456,1.0924917594371898e-14
457,1.0936462019403665e-14
458,1.0947994846209144e-14
459,1.0959516322905473e-14
460,1.0971026692344764e-14
461,1.0982526282052232e-14
462,1.0994015413472247e-14
463,1.1005494289820522e-14
464,1.101696309952791e-14
465,1.1028422060283012e-14
466,1.1039871400071156e-14
467,1.1051311330044033e-14
468,1.1062742053647031e-14
469,1.1074163786495393e-14
470,1.1085576754083205e-14
471,1.1096981160895561e-14
472,1.1108377191832121e-14
473,1.1119765058325822e-14
474,1.113114498526433e-14
475,1.1142517173312315e-14
476,1.1153881815313712e-14
477,1.1165239109573343e-14
478,1.1176589235627571e-14
479,1.1187932377091234e-14
480,1.1199268755449367e-14
481,1.1210598583749508e-14
482,1.122192204016792e-14
483,1.1233239319565119e-14
484,1.1244550651822803e-14
485,1.125585628811929e-14
486,1.1267156455685975e-14
487,1.1278451329472542e-14
488,1.128974112483248e-14
489,1.130102614033389e-14
490,1.1312306441775293e-14
491,1.1323581717480714e-14
492,1.1334851864956411e-14
493,1.1346117189150396e-14
494,1.1357377779521711e-14
495,1.1368634176536652e-14
496,1.1379886503834083e-14
497,1.1391132586470276e-14
498,1.140238084771638e-14
499,1.1413636642066879e-14
500,1.1424891207800664e-14
501,1.1436146256652976e-14
502,1.1447404002126709e-14
503,1.1458666149916554e-14
504,1.1469932234453811e-14
505,1.1481200602839355e-14
506,1.1492499589298781e-14
507,1.1503824103237014e-14
508,1.1515149034224287e-14
509,1.1526497949865812e-14
510,1.1537888787796753e-14
511,1.1549350443361872e-14
512,1.1560892015415811e-14
513,1.1572596011536907e-14
514,1.158453007581792e-14
515,1.1596299522558222e-14
516,1.160788344691305e-14
517,1.1619495968409509e-14
518,1.1631098815294054e-14
519,1.1642704193852366e-14
520,1.1654380385470209e-14
521,1.1666155324561648e-14
522,1.1678117934085467e-14
523,1.1690406425998201e-14
524,1.170241670959521e-14
525,1.1714063791458785e-14
526,1.1725863921987203e-14
527,1.1737639442600708e-14
528,1.1749363426765337e-14
529,1.1761123461807496e-14
530,1.1772913368252496e-14
531,1.1784752316642857e-14
532,1.1796657714604717e-14
533,1.1808669353151634e-14
534,1.1820840579888033e-14
535,1.1833208155357301e-14
536,1.1845990518507122e-14
537,1.1859143916753753e-14
538,1.1872190387515354e-14
539,1.1885271499443482e-14
540,1.1898485435745632e-14
541,1.1911902998353802e-14
542,1.192550851903743e-14
543,1.1938821345340016e-14
544,1.1951781005166867e-14
545,1.1964585043943858e-14
546,1.1977335559494031e-14
547,1.199009745643006e-14
548,1.2002914380188068e-14
549,1.201582748757278e-14
550,1.2029019747743788e-14
551,1.2042397344006262e-14
552,1.2055670852164867e-14
553,1.206891041364936e-14
554,1.2082119691923455e-14
555,1.2095413424165909e-14
556,1.2108585014175773e-14
557,1.2121484380548415e-14
558,1.2134363764471402e-14
559,1.214723827930748e-14
560,1.2160086520764241e-14
561,1.2172953998472046e-14
562,1.2185878521716333e-14
563,1.2198905783737685e-14
564,1.2212030092836158e-14
565,1.2225354735185811e-14
566,1.2239013398784983e-14
567,1.2252641014171567e-14
568,1.226607434870357e-14
569,1.2279631118791528e-14
570,1.2293521230358637e-14
571,1.2307642303209052e-14
572,1.2321841803814628e-14
573,1.2336269190052655e-14
574,1.2351224189814701e-14
575,1.2366441729245027e-14
576,1.2381241615177506e-14
577,1.2396172261362324e-14
578,1.24108858245524e-14
579,1.24250168548554e-14
580,1.2439446091041564e-14
581,1.2453866590498523e-14
582,1.246815879600534e-14
583,1.2482726177435089e-14
584,1.2497446701822905e-14
585,1.251248381451919e-14
586,1.2527814735304186e-14
587,1.2543277668898502e-14
588,1.2558853204069328e-14
589,1.2574071312798382e-14
590,1.2589097117502692e-14
591,1.2604336422585862e-14
592,1.2619763310669521e-14
593,1.2635352854133386e-14
594,1.2651214635917658e-14
595,1.2667281868568773e-14
596,1.2683213493485151e-14
597,1.2699161913404608e-14
598,1.2715066831345522e-14
599,1.273087452488136e-14
600,1.2746846557575943e-14
601,1.2762564356111152e-14
602,1.2778033327090964e-14
603,1.279340285038931e-14
604,1.2808693726801457e-14
605,1.2824003780688262e-14
606,1.2839422150324847e-14
607,1.285503772992474e-14
608,1.2870917459518372e-14
609,1.288705867206065e-14
610,1.2903400149901415e-14
611,1.2919892129007893e-14
612,1.2936228755282077e-14
613,1.2952393133974725e-14
614,1.296865169138601e-14
615,1.2984733570797736e-14
616,1.3000576462764292e-14
617,1.3016404144357838e-14
618,1.303242662647046e-14
619,1.3048790340302571e-14
620,1.3065558263505642e-14
621,1.3082681128008001e-14
622,1.3098946986111493e-14
623,1.311419682062833e-14
624,1.3129723445645042e-14
625,1.3145366970192196e-14
626,1.316102155403349e-14
627,1.3176960069878546e-14
628,1.319321184233029e-14
629,1.3209525605979667e-14
630,1.3225770572567564e-14
631,1.3241938623904363e-14
632,1.3258100007755648e-14
633,1.3274414700162845e-14
634,1.3290976371341283e-14
635,1.330803938449079e-14
636,1.3325414111392872e-14
637,1.3342778623267957e-14
638,1.3360826220709535e-14
639,1.3379106264286333e-14
640,1.3397546948037229e-14
641,1.3416643102509224e-14
642,1.3435941584276162e-14
643,1.3455623117455977e-14
644,1.34761998939321e-14
645,1.3497436284987048e-14
646,1.3518674578057541e-14
647,1.353967240737619e-14
648,1.3560649272407215e-14
649,1.3581330277712088e-14
650,1.3601844243945222e-14
651,1.3622849623806928e-14
652,1.364421093907493e-14
653,1.366555644403169e-14
654,1.3687640160414327e-14
655,1.3709715590721315e-14
656,1.3731015855925744e-14
657,1.3752426592020178e-14
658,1.3774178567365015e-14
659,1.3795963263133923e-14
660,1.3817758723194025e-14
661,1.38396866028624e-14
662,1.3861763361813003e-14
663,1.3883542853752013e-14
664,1.3904936064423036e-14
665,1.3926537038039388e-14
666,1.3947571736284249e-14
667,1.3968158755156269e-14
668,1.398916507473378e-14
669,1.4009871236369927e-14
670,1.403069504105249e-14
671,1.40520728232788e-14
672,1.4073304161758005e-14
673,1.4094630106864957e-14
674,1.4116129761586513e-14
675,1.4137419425391329e-14
676,1.4158929117186299e-14
677,1.4180762533504324e-14
678,1.4202767248383115e-14
679,1.4224836699901896e-14
680,1.424698329755885e-14
681,1.4269781926187513e-14
682,1.4293551159944883e-14
683,1.43171236988425e-14
684,1.434016764782197e-14
685,1.4363917399135724e-14
686,1.438786181214881e-14
687,1.4411975727827705e-14
688,1.443696800113256e-14
689,1.4462064219971042e-14
690,1.448713168808032e-14
691,1.45125026958067e-14
692,1.4538163279956994e-14
693,1.456425320566753e-14
694,1.4590268996738735e-14
695,1.4616830231944636e-14
696,1.464372710026303e-14
697,1.4670214321536863e-14
698,1.4697197673174895e-14
699,1.4724429510805243e-14
700,1.4751822103933248e-14
701,1.4780765890991075e-14
702,1.481000458086057e-14
703,1.4838214064200447e-14
704,1.486731860877236e-14
705,1.4897328657823656e-14
706,1.492648791913496e-14
707,1.4955566885795808e-14
708,1.4985282698152852e-14
709,1.5015305198969935e-14
710,1.5045217828298396e-14
711,1.5074933476840884e-14
712,1.5105064426720092e-14
713,1.51355770756559e-14
714,1.516719818452591e-14
715,1.519972878037537e-14
716,1.5231742338089786e-14
717,1.5264258802039306e-14
718,1.5297455558796683e-14
719,1.5330563069400914e-14
720,1.536411028952899e-14
721,1.5397926090444405e-14
722,1.5431538010033242e-14
723,1.5464774461942138e-14
724,1.549796113868489e-14
725,1.553173116342576e-14
726,1.556542805461734e-14
727,1.5598705270926642e-14
728,1.5632498135679485e-14
729,1.566692657241534e-14
730,1.570091242875996e-14
731,1.5734128849002185e-14
732,1.576758245912036e-14
733,1.5800815568103294e-14
734,1.5833244758380768e-14
735,1.586636963225807e-14
736,1.5899759007070184e-14
737,1.5931881269482973e-14
738,1.5964515204921524e-14
739,1.5997860837098076e-14
740,1.603013459293183e-14
741,1.6062874218920595e-14
742,1.6096768469599447e-14
743,1.613051803395905e-14
744,1.6164574996124336e-14
745,1.6199172795884885e-14
746,1.6233605881514274e-14
747,1.6268673745682243e-14
748,1.6304320568245527e-14
749,1.633969378686628e-14
750,1.6375810322201924e-14
751,1.6412126088184106e-14
752,1.644804732224025e-14
753,1.6485039655385054e-14
754,1.652226739607173e-14
755,1.6559285980783916e-14
756,1.6597688158130008e-14
757,1.6636838035790187e-14
758,1.6675891988601003e-14
759,1.6715709821048894e-14
760,1.6755565458326598e-14
761,1.679517352400119e-14
762,1.6836484220423378e-14
763,1.6878261516915378e-14
764,1.6918608800403512e-14
765,1.6960401409890922e-14
766,1.700358314656922e-14
767,1.704507183379029e-14
768,1.7087578735996818e-14
769,1.7131633416649116e-14
770,1.717375835743404e-14
771,1.7216869501676932e-14
772,1.726181722337593e-14
773,1.7305115114898436e-14
774,1.7348250442637228e-14
775,1.7392411836967206e-14
776,1.743514570786145e-14
777,1.747710945450268e-14
778,1.7520479383788416e-14
779,1.7563232250411113e-14
780,1.760462967550294e-14
781,1.7647014422202834e-14
782,1.7688933749612984e-14
783,1.7729184651931454e-14
784,1.7769846782713658e-14
785,1.7810735651112846e-14
786,1.785057303164628e-14
787,1.7890604198221663e-14
788,1.7931614587075078e-14
789,1.79721238352063e-14
790,1.801179172197369e-14
791,1.805131785210429e-14
792,1.809032456632267e-14
793,1.8129494721288933e-14
794,1.8169824825922212e-14
795,1.8210569648507976e-14
796,1.8251098916970508e-14
797,1.829186096632224e-14
798,1.8333474632134872e-14
799,1.8375177576886218e-14
800,1.841680003367179e-14
801,1.8459360183801425e-14
802,1.8501974650273403e-14
803,1.8544141992630933e-14
804,1.8586030827014098e-14
805,1.862728164834812e-14
806,1.8669095231895662e-14
807,1.8711017710324627e-14
808,1.8751847240542882e-14
809,1.8793390874265896e-14
810,1.883570644276541e-14
811,1.8877068319886737e-14
812,1.891865177642685e-14
813,1.896107577792297e-14
814,1.900334201291716e-14
815,1.9046533242334625e-14
816,1.9090748572749158e-14
817,1.9134314538830712e-14
818,1.9177670240032577e-14
819,1.9221442674365985e-14
820,1.9264799689485855e-14
821,1.930722247987193e-14
822,1.9349490679763093e-14
823,1.939270377243309e-14
824,1.9436116702150503e-14
825,1.9478987672204245e-14
826,1.9522370689154646e-14
827,1.9565657483155663e-14
828,1.9607774767712158e-14
829,1.9650270418696596e-14
830,1.969314913986398e-14
831,1.9734582383003067e-14
832,1.977541926552338e-14
833,1.9817079862582787e-14
834,1.9858627637747712e-14
835,1.989969779211159e-14
836,1.994107437261467e-14
837,1.9982833807823075e-14
838,2.0024818169493105e-14
839,2.0067056978946236e-14
840,2.0109450529785182e-14
841,2.015227312539193e-14
842,2.0195458452775093e-14
843,2.0238423703757124e-14
844,2.0281145858058896e-14
845,2.032413112126017e-14
846,2.0367124766791328e-14
847,2.0409641812316132e-14
848,2.0452068899820793e-14
849,2.0494654257019028e-14
850,2.0537113657445185e-14
851,2.0579549901817234e-14
852,2.062248573515227e-14
853,2.066551434354573e-14
854,2.0707708184667753e-14
855,2.0749649902314546e-14
856,2.0792261802773757e-14
857,2.0834811249737803e-14
858,2.0876762427140464e-14
859,2.0919084053969412e-14
860,2.096114942309675e-14
861,2.10021600717412e-14
862,2.1043857282559725e-14
863,2.1086147709704126e-14
864,2.1127234719627105e-14
865,2.1167768736351027e-14
866,2.1208819821142188e-14
867,2.1249665154078613e-14
868,2.1289759376652667e-14
869,2.133000075326729e-14
870,2.1370859287514334e-14
871,2.1411279482445356e-14
872,2.145061459932203e-14
873,2.1489890795133305e-14
874,2.1529499507443748e-14
875,2.1568368707833067e-14
876,2.1606455253947073e-14
877,2.1644541228023766e-14
878,2.1682557192621846e-14
879,2.1720262779514385e-14
880,2.1757636312950344e-14
881,2.179469561164369e-14
882,2.1831655925729874e-14
883,2.1868665444481616e-14
884,2.1905659917727216e-14
885,2.1942655600106563e-14
886,2.1979725081835465e-14
887,2.2016852817234086e-14
888,2.2053998398338578e-14
889,2.2091146432266938e-14
890,2.2128327069744528e-14
891,2.216557181719173e-14
892,2.220288932918179e-14
893,2.224037296208879e-14
894,2.2278223140916917e-14
895,2.2316350463471096e-14
896,2.2354369107117548e-14
897,2.239241098945572e-14
898,2.2430770865713504e-14
899,2.246909118700242e-14
900,2.2507322609902927e-14
901,2.254583363481265e-14
902,2.2584141897204342e-14
903,2.2621885498526112e-14
904,2.2659835072730845e-14
905,2.2698281576635787e-14
906,2.2736616271198805e-14
907,2.2774800373428083e-14
908,2.281344821094518e-14
909,2.2852474538372972e-14
910,2.2890971336664285e-14
911,2.292899511458468e-14
912,2.296758016139502e-14
913,2.3006527509722608e-14
914,2.30447983348657e-14
915,2.3082648204883892e-14
916,2.3120925155759902e-14
917,2.3159485639489456e-14
918,2.3197893342346156e-14
919,2.3236322190996226e-14
920,2.3274968489243187e-14
921,2.331349141270667e-14
922,2.3351690653986284e-14
923,2.338988815586577e-14
924,2.3428134428839053e-14
925,2.3466183105272313e-14
926,2.3504112477697308e-14
927,2.354205682152271e-14
928,2.357995135378357e-14
929,2.3617710368627683e-14
930,2.3655282590550776e-14
931,2.3692806959188433e-14
932,2.373047615216037e-14
933,2.3768138873532142e-14
934,2.38056636212499e-14
935,2.3843346939940497e-14
936,2.3881302610928397e-14
937,2.3919177761261995e-14
938,2.3956916798208443e-14
939,2.3994954668515155e-14
940,2.4033476198262002e-14
941,2.4072299600492863e-14
942,2.411139847692125e-14
943,2.4150959832935212e-14
944,2.419092970229445e-14
945,2.4230989709176333e-14
946,2.4271027097572165e-14
947,2.4311124627191776e-14
948,2.4351317670289057e-14
949,2.4391578740037282e-14
950,2.4431902369812917e-14
951,2.4472345209146782e-14
952,2.4512954926526864e-14
953,2.4553571960565564e-14
954,2.4594027564384984e-14
955,2.4634552330062523e-14
956,2.4675246274800084e-14
957,2.4715748163181245e-14
958,2.4756052186530308e-14
959,2.479646560925321e-14
960,2.4837019576007343e-14
961,2.4877823944419146e-14
962,2.4919033080728854e-14
963,2.49604463158348e-14
964,2.5001944736654637e-14
965,2.5043664118024395e-14
966,2.5085556769252788e-14
967,2.512730033516599e-14
968,2.516857544468584e-14
969,2.5209636943936472e-14
970,2.5251117298007253e-14
971,2.5292863986825863e-14
972,2.5334074363078223e-14
973,2.537477300645359e-14
974,2.541578928651224e-14
975,2.54572425448093e-14
976,2.5498425812729985e-14
977,2.5539176552563176e-14
978,2.558004259982005e-14
979,2.5621072831528705e-14
980,2.5661775405058905e-14
981,2.57021725035512e-14
982,2.5742706794438065e-14
983,2.578333807292961e-14
984,2.582369791748626e-14
985,2.5863820109269415e-14
986,2.5904009407045455e-14
987,2.594430529206909e-14
988,2.5984531022254935e-14
989,2.602464078838781e-14
990,2.6064737869129014e-14
991,2.6104888691717996e-14
992,2.6145081343349547e-14
993,2.618530291477352e-14
994,2.622555848954134e-14
995,2.626584461649997e-14
996,2.6306164873443695e-14
997,2.6346550400094817e-14
998,2.6387025983834717e-14
999,2.642758477634431e-14
1000,2.6468226983799685e-14
1001,2.6508984965423392e-14
1002,2.654986808707716e-14
1003,2.659074786867005e-14
1004,2.663146243573769e-14
1005,2.66720388403837e-14
1006,2.671263283266404e-14
1007,2.675330796024768e-14
1008,2.6794023089075176e-14
1009,2.6834756326108172e-14
1010,2.6875524147074002e-14
1011,2.6916340239876215e-14
1012,2.6957205217926105e-14
1013,2.6998119852498276e-14
1014,2.7039092858544053e-14
1015,2.7080133487278672e-14
1016,2.7121242002002346e-14
1017,2.716242198323113e-14
1018,2.720368411678534e-14
1019,2.7245042293252254e-14
1020,2.7286539765528556e-14
1021,2.7328249193691232e-14
1022,2.737021791663162e-14
1023,2.7412356505256542e-14
1024,2.745453545309792e-14
1025,2.749675394048278e-14
1026,2.7539051254262857e-14
1027,2.7581429292425963e-14
1028,2.762388233181743e-14
1029,2.7666413991077578e-14
1030,2.7709028420211053e-14
1031,2.7751726970763057e-14
1032,2.7794511204323503e-14
1033,2.783738400473171e-14
1034,2.7880350228955995e-14
1035,2.7923415449587708e-14
1036,2.796657927860659e-14
1037,2.800983878801767e-14
1038,2.8053178828582153e-14
1039,2.809656729295366e-14
1040,2.813997652401196e-14
1041,2.8183394632035364e-14
1042,2.8226903377441477e-14
1043,2.8270617361506682e-14
1044,2.8314448966525424e-14
1045,2.8358179480789585e-14
1046,2.8401842554877788e-14
1047,2.8445739584036653e-14
1048,2.848992474772765e-14
1049,2.853400850803326e-14
1050,2.8577750339455706e-14
1051,2.8621487998262435e-14
1052,2.866556904814602e-14
1053,2.870980872772034e-14
1054,2.875388877118535e-14
1055,2.8797944449453847e-14
1056,2.884233866276792e-14
1057,2.888699000442277e-14
1058,2.8931436028380467e-14
1059,2.8975574250477595e-14
1060,2.9019806811279703e-14
1061,2.906436516559463e-14
1062,2.910903843694905e-14
1063,2.915364198816964e-14
1064,2.9198279286141906e-14
1065,2.924308071188634e-14
1066,2.928797642741609e-14
1067,2.933284383645682e-14
1068,2.937772757253261e-14
1069,2.9422757811162266e-14
1070,2.946793512192272e-14
1071,2.951314932768893e-14
1072,2.9558369930829425e-14
1073,2.9603678107127837e-14
1074,2.96491207463124e-14
1075,2.969466387472039e-14
1076,2.974028974289766e-14
1077,2.9786018745592676e-14
1078,2.983184376812556e-14
1079,2.987774258182476e-14
1080,2.992373093988547e-14
1081,2.996983998298946e-14
1082,3.001608018363489e-14
1083,3.006244911709193e-14
1084,3.01089269352257e-14
1085,3.015549326234407e-14
1086,3.020214726988835e-14
1087,3.0248907285436216e-14
1088,3.0295796851611175e-14
1089,3.0342817232575453e-14
1090,3.0389962531143276e-14
1091,3.043723441186669e-14
1092,3.048463768262595e-14
1093,3.0532180129398926e-14
1094,3.057986327625341e-14
1095,3.062768731245748e-14
1096,3.067566462756928e-14
1097,3.072381025778986e-14
1098,3.077213332840506e-14
1099,3.082063649748469e-14
1100,3.0869327517624664e-14
1101,3.091825224115511e-14
1102,3.096746638155572e-14
1103,3.101690172100551e-14
1104,3.106637582719475e-14
1105,3.111578697513412e-14
1106,3.1165234286768674e-14
1107,3.1214839048970314e-14
1108,3.126463708226425e-14
1109,3.131461002850328e-14
1110,3.136472858867411e-14
1111,3.141495970980506e-14
1112,3.146529000926453e-14
1113,3.1515758884976293e-14
1114,3.156641286480215e-14
1115,3.161726757311338e-14
1116,3.166831575889635e-14
1117,3.171956437528399e-14
1118,3.177102975500951e-14
1119,3.182271781077391e-14
1120,3.1874643618556215e-14
1121,3.1926818489423336e-14
1122,3.197928693229104e-14
1123,3.203212532607308e-14
1124,3.2085291381502904e-14
1125,3.2138673644193144e-14
1126,3.219225152715407e-14
1127,3.224605289557149e-14
1128,3.230003731293817e-14
1129,3.2354120351418e-14
1130,3.2408284187058015e-14
1131,3.246257799661764e-14
1132,3.251702789457707e-14
1133,3.2571628873489105e-14
1134,3.262648729752017e-14
1135,3.268173949342696e-14
1136,3.2737364635101195e-14
1137,3.2793312958685387e-14
1138,3.284956621518039e-14
1139,3.29061023148961e-14
1140,3.2962968737023866e-14
1141,3.3020182200567784e-14
1142,3.307762151843027e-14
1143,3.313523786459483e-14
1144,3.3193214057386933e-14
1145,3.325168723795257e-14
1146,3.3310388282902943e-14
1147,3.3368800580363456e-14
1148,3.342675344525906e-14
1149,3.3484589605156e-14
1150,3.354263731778943e-14
1151,3.360083619730537e-14
1152,3.365894951397101e-14
1153,3.371700554346817e-14
1154,3.377527869486445e-14
1155,3.3833887478562027e-14
1156,3.3892563551062604e-14
1157,3.395104464959752e-14
1158,3.400943354077413e-14
1159,3.406802756176878e-14
1160,3.4126941276454434e-14
1161,3.418594602448583e-14
1162,3.424482989227987e-14
1163,3.430373594516041e-14
1164,3.436289412912296e-14
1165,3.4422271888620616e-14
1166,3.448165397208768e-14
1167,3.4540943663424055e-14
1168,3.460030628984595e-14
1169,3.465991151064213e-14
1170,3.471971659239147e-14
1171,3.4779622604689617e-14
1172,3.483967486230939e-14
1173,3.490000972594731e-14
1174,3.496057495238379e-14
1175,3.5021108495863943e-14
1176,3.5081502007534254e-14
1177,3.5141973922023504e-14
1178,3.52026602814512e-14
1179,3.526344186370125e-14
1180,3.5324206549117835e-14
1181,3.538503214589312e-14
1182,3.5445978982388934e-14
1183,3.550691163276002e-14
1184,3.556785272956289e-14
1185,3.562895909261139e-14
1186,3.5690135359294826e-14
1187,3.575117180988437e-14
1188,3.581212796350624e-14
1189,3.5873273814508004e-14
1190,3.593467691344127e-14
1191,3.599613815812699e-14
1192,3.605744905496301e-14
1193,3.611865671100957e-14
1194,3.618001893946762e-14
1195,3.62415669615517e-14
1196,3.6303032526339145e-14
1197,3.636431669408763e-14
1198,3.642565909943692e-14
1199,3.6487231175332525e-14
1200,3.654887181401722e-14
1201,3.6610363520316225e-14
1202,3.667181265641805e-14
1203,3.673350135177022e-14
1204,3.679543706827937e-14
1205,3.6857396289929104e-14
1206,3.691931797464456e-14
1207,3.6981307494037024e-14
1208,3.704340353326762e-14
1209,3.710556868722691e-14
1210,3.7167723570221776e-14
1211,3.722976946449112e-14
1212,3.7291760061684666e-14
1213,3.73538757978972e-14
1214,3.7416117577308036e-14
1215,3.7478310066729084e-14
1216,3.754044748250831e-14
1217,3.760269376812116e-14
1218,3.766508203185464e-14
1219,3.7727463377291847e-14
1220,3.778970898866884e-14
1221,3.78518545878128e-14
1222,3.791404773522679e-14
1223,3.797634165103543e-14
1224,3.803857629739076e-14
1225,3.810062286417571e-14
1226,3.816263605764355e-14
1227,3.8224809651591584e-14
1228,3.828702452818185e-14
1229,3.8349053278169434e-14
1230,3.8410977293633155e-14
1231,3.847305424082485e-14
1232,3.8535295241626524e-14
1233,3.8597508223921596e-14
1234,3.865959609332814e-14
1235,3.8721578804997526e-14
1236,3.878353512589268e-14
1237,3.884559087734834e-14
1238,3.890778388568927e-14
1239,3.897002815372205e-14
1240,3.9032254124246946e-14
1241,3.9094470803526306e-14
1242,3.915670501153276e-14
1243,3.9218895772297066e-14
1244,3.928095762820141e-14
1245,3.934296386898588e-14
1246,3.9405070376607905e-14
1247,3.946723047212381e-14
1248,3.952923850498597e-14
1249,3.9591133100671844e-14
1250,3.965315989402066e-14
1251,3.9715293981319706e-14
1252,3.977726506012582e-14
1253,3.983905128926904e-14
1254,3.990092561463872e-14
1255,3.9963004622053606e-14
1256,4.0025123784635055e-14
1257,4.008714097218297e-14
1258,4.014902525563947e-14
1259,4.021079492610098e-14
1260,4.0272592867408355e-14
1261,4.033455532177052e-14
1262,4.0396599308504874e-14
1263,4.0458559002193733e-14
1264,4.052041012776841e-14
1265,4.0582264010155447e-14
1266,4.064422334592564e-14
1267,4.07062633540044e-14
1268,4.076825779477662e-14
1269,4.0830164992160575e-14
1270,4.089211587151874e-14
1271,4.0954211948746455e-14
1272,4.101633966765171e-14
1273,4.107834790194753e-14
1274,4.114031214753975e-14
1275,4.1202431208593417e-14
1276,4.126471074925405e-14
1277,4.1326946045120906e-14
1278,4.138907355367914e-14
1279,4.145133460119296e-14
1280,4.151389603605824e-14
1281,4.157651688171088e-14
1282,4.1638921881750045e-14
1283,4.170131615643024e-14
1284,4.1764077771976203e-14
1285,4.182708275308119e-14
1286,4.1889894358159814e-14
1287,4.1952524842479586e-14
1288,4.201539128266101e-14
1289,4.207859820210634e-14
1290,4.2141862468513456e-14
1291,4.2205037096500946e-14
1292,4.226824393909972e-14
1293,4.2331605231132644e-14
1294,4.2395126791069925e-14
1295,4.245874986681495e-14
1296,4.252240045003595e-14
1297,4.258599052268181e-14
1298,4.264950328868116e-14
1299,4.271313664971153e-14
1300,4.2777086312274315e-14
1301,4.284125491525007e-14
1302,4.2905456889017426e-14
1303,4.296968606274279e-14
1304,4.303400808047987e-14
1305,4.3098363464837606e-14
1306,4.316266791815213e-14
1307,4.322704703271927e-14
1308,4.3291683723659795e-14
1309,4.335647602217158e-14
1310,4.342118116342858e-14
1311,4.3485845202254025e-14
1312,4.3550705701181036e-14
1313,4.361571986293268e-14
1314,4.368063574453376e-14
1315,4.374551146271348e-14
1316,4.3810617690547065e-14
1317,4.387586323953604e-14
1318,4.3940968775280724e-14
1319,4.4006055896501e-14
1320,4.4071468870255784e-14
1321,4.41371319456257e-14
1322,4.42026956794157e-14
1323,4.426821938492336e-14
1324,4.433401257582729e-14
1325,4.4400066613111e-14
1326,4.446602067548809e-14
1327,4.4531660612346523e-14
1328,4.459729036742019e-14
1329,4.466326331868716e-14
1330,4.4729585669613764e-14
1331,4.4796035979324886e-14
1332,4.486249279870331e-14
1333,4.492906127594555e-14
1334,4.4995882556211575e-14
1335,4.506292907938285e-14
1336,4.512999691768542e-14
1337,4.519693500110535e-14
1338,4.5263872681912493e-14
1339,4.5331015192029256e-14
1340,4.5398412519549494e-14
1341,4.546593113821489e-14
1342,4.553345083334882e-14
1343,4.560097324888299e-14
1344,4.5668537999082063e-14
1345,4.57361640575811e-14
1346,4.5803844041208396e-14
1347,4.587157032258263e-14
1348,4.5939343715223336e-14
1349,4.600716803913227e-14
1350,4.607504566945948e-14
1351,4.6142977489611456e-14
1352,4.6210965023539555e-14
1353,4.627900916209096e-14
1354,4.634710814232103e-14
1355,4.641526116926786e-14
1356,4.648347759148552e-14
1357,4.6551770803403775e-14
1358,4.662012881305512e-14
1359,4.6688507055501576e-14
1360,4.6756884827823856e-14
1361,4.682533919439595e-14
1362,4.689396037933703e-14
1363,4.6962709865912157e-14
1364,4.7031459704288944e-14
1365,4.7100173817864294e-14
1366,4.716899732431268e-14
1367,4.723805597242441e-14
1368,4.7307236223156565e-14
1369,4.737634464923588e-14
1370,4.7445401157687354e-14
1371,4.7514648429356575e-14
1372,4.758421893918102e-14
1373,4.76538858959294e-14
1374,4.772339301852531e-14
1375,4.779284750429946e-14
1376,4.7862558816223907e-14
1377,4.793260960439456e-14
1378,4.800272463676859e-14
1379,4.8072680741295515e-14
1380,4.814264570390402e-14
1381,4.821289061370152e-14
1382,4.8283489127209476e-14
1383,4.8354347403786226e-14
1384,4.842539457198771e-14
1385,4.849662687612582e-14
1386,4.856803830206299e-14
1387,4.863953152473211e-14
1388,4.871097209971453e-14
1389,4.878239184312256e-14
1390,4.88540331669954e-14
1391,4.8926066263726993e-14
1392,4.899834368172824e-14
1393,4.907065696641281e-14
1394,4.914295804361779e-14
1395,4.921530925196823e-14
1396,4.928774933831288e-14
1397,4.9360268069000066e-14
1398,4.943285215473276e-14
1399,4.9505502495856285e-14
1400,4.957822509592278e-14
1401,4.965102275034566e-14
1402,4.972389491374625e-14
1403,4.9796841556718945e-14
1404,4.9869864607152014e-14
1405,4.994296621723803e-14
1406,5.001614747098862e-14
1407,5.008940887923322e-14
1408,5.0162751144544013e-14
1409,5.023617528902702e-14
1410,5.03096822069478e-14
1411,5.038327263182875e-14
1412,5.045694736584384e-14
1413,5.0530707142503424e-14
1414,5.0604552724265214e-14
1415,5.067848489668524e-14
1416,5.075250437203558e-14
1417,5.082661190570864e-14
1418,5.090080821784377e-14
1419,5.097509403565242e-14
1420,5.1049470060214935e-14
1421,5.1123936941870334e-14
1422,5.1198495436195e-14
1423,5.127314628764692e-14
1424,5.134789016997986e-14
1425,5.142272777600401e-14
1426,5.149765981267277e-14
1427,5.1572686969479505e-14
1428,5.164780998980148e-14
1429,5.172302958490243e-14
1430,5.179834642746615e-14
1431,5.187376124341534e-14
1432,5.1949274718130305e-14
1433,5.2024887562887735e-14
1434,5.210060054644296e-14
1435,5.217641436301869e-14
1436,5.225232972649581e-14
1437,5.23283473499517e-14
1438,5.2404467975722925e-14
1439,5.248069239029784e-14
1440,5.255702123789795e-14
1441,5.2633455230822305e-14
1442,5.27099951950352e-14
1443,5.278664184709752e-14
1444,5.2863395902576457e-14
1445,5.2940258101278043e-14
1446,5.301722922184496e-14
1447,5.309431004597806e-14
1448,5.317150132397173e-14
1449,5.324880378894646e-14
1450,5.3326218186184696e-14
1451,5.340374530237591e-14
1452,5.348138592451041e-14
1453,5.355914085496735e-14
1454,5.3637010872703145e-14
1455,5.371499671685983e-14
1456,5.37930991727584e-14
1457,5.387131905076828e-14
1458,5.3949657166937134e-14
1459,5.4028114326555664e-14
1460,5.410669132204649e-14
1461,5.4185388990374323e-14
1462,5.426420812655409e-14
1463,5.4343149495229483e-14
1464,5.442221398902444e-14
1465,5.450140239851961e-14
1466,5.4580715523817995e-14
1467,5.4660154243479995e-14
1468,5.473971937221096e-14
1469,5.48194117744631e-14
1470,5.489923231244877e-14
1471,5.497918186759918e-14
1472,5.5059261271963617e-14
1473,5.513947133484131e-14
1474,5.521981293741002e-14
1475,5.530028694796892e-14
1476,5.538089423774367e-14
1477,5.5461635701295856e-14
1478,5.554251218914616e-14
1479,5.5623524584925616e-14
1480,5.5704673822761e-14
1481,5.578596076262982e-14
1482,5.586738629362214e-14
1483,5.5948951363906e-14
1484,5.603065688709094e-14
1485,5.611250378188978e-14
1486,5.6194492972082286e-14
1487,5.6276625393109656e-14
1488,5.635890196766915e-14
1489,5.6441323667639236e-14
1490,5.652389146098054e-14
1491,5.660660624039974e-14
1492,5.6689468953840754e-14
1493,5.6772480653813234e-14
1494,5.685564230563124e-14
1495,5.693895486811663e-14
1496,5.702241931978863e-14
1497,5.710603661093659e-14
1498,5.718980777611066e-14
1499,5.727373388148724e-14
1500,5.735781589620295e-14
1501,5.744205480628418e-14
1502,5.752645164199083e-14
1503,5.761100741601483e-14
1504,5.769572317220526e-14
1505,5.778059997853978e-14
1506,5.78656388540361e-14
1507,5.795084086005439e-14
1508,5.803620711900778e-14
1509,5.812173863362771e-14
1510,5.820743642883132e-14
1511,5.829330165369017e-14
1512,5.837933540127061e-14
1513,5.846553873399626e-14
1514,5.855191276235702e-14
1515,5.863845859082274e-14
1516,5.87251773315932e-14
1517,5.881207009621358e-14
1518,5.88991379680634e-14
1519,5.898638210646894e-14
1520,5.907380366620616e-14
1521,5.916140380699334e-14
1522,5.924918367524267e-14
1523,5.933714438761719e-14
1524,5.942528715021821e-14
1525,5.95136131884809e-14
1526,5.960212363085802e-14
1527,5.96908196262643e-14
1528,5.977970239294448e-14
1529,5.986877315646009e-14
1530,5.995803315660743e-14
1531,6.004748357739602e-14
1532,6.013712559553477e-14
1533,6.022696048026117e-14
1534,6.031698950855127e-14
1535,6.04072139085732e-14
1536,6.049763488001215e-14
1537,6.058825369979443e-14
1538,6.067907170975676e-14
1539,6.077009014490736e-14
1540,6.086131028869123e-14
1541,6.095273349454075e-14
1542,6.104436101021875e-14
1543,6.113619414996555e-14
1544,6.122823427241093e-14
1545,6.132048271938975e-14
1546,6.141294080354047e-14
1547,6.150560978797642e-14
1548,6.159849107740827e-14
1549,6.16915861024887e-14
1550,6.178489621413159e-14
1551,6.187842275910169e-14
1552,6.197216710634959e-14
1553,6.206613067464206e-14
1554,6.216031490834865e-14
1555,6.225472128339932e-14
1556,6.234935120904419e-14
1557,6.244420606303366e-14
1558,6.253928733453286e-14
1559,6.263459649776752e-14
1560,6.273013496994298e-14
1561,6.282590425898286e-14
1562,6.292190592576157e-14
1563,6.301814144301845e-14
1564,6.311461227030451e-14
1565,6.321131993821297e-14
1566,6.330826605392085e-14
1567,6.340545215092004e-14
1568,6.350287968330483e-14
1569,6.360055025493318e-14
1570,6.3698465455167e-14
1571,6.379662680568108e-14
1572,6.389503591518594e-14
1573,6.399369439583493e-14
1574,6.409260387527134e-14
1575,6.41917659976493e-14
1576,6.429118237505132e-14
1577,6.43908546012587e-14
1578,6.449078433471762e-14
1579,6.459097328813788e-14
1580,6.469142321951173e-14
1581,6.479213578353079e-14
1582,6.489311254600822e-14
1583,6.499435528313086e-14
1584,6.509586576354452e-14
1585,6.519764570777327e-14
1586,6.529969691810229e-14
1587,6.540202109294879e-14
1588,6.550461990204958e-14
1589,6.560749522094096e-14
1590,6.571064918343187e-14
1591,6.581408381239007e-14
1592,6.591780001651459e-14
1593,6.602179812301321e-14
1594,6.612607912447032e-14
1595,6.623064511601418e-14
1596,6.633549830298055e-14
1597,6.64406405887316e-14
1598,6.654607374889891e-14
1599,6.665179964238492e-14
1600,6.675782023728801e-14
1601,6.686413746204037e-14
1602,6.69707532071318e-14
1603,6.70776693990163e-14
1604,6.718488811342598e-14
1605,6.729241125354713e-14
1606,6.740024048096405e-14
1607,6.750837842239684e-14
1608,6.761682856656464e-14
1609,6.772559367229017e-14
1610,6.783467589437616e-14
1611,6.794407738950156e-14
1612,6.80538001306364e-14
1613,6.816384582800896e-14
1614,6.827421775476506e-14
1615,6.838492072728404e-14
1616,6.849595799671086e-14
1617,6.860733147708571e-14
1618,6.871904335318794e-14
1619,6.883109588874816e-14
1620,6.894349128654292e-14
1621,6.905623185723811e-14
1622,6.916931989479507e-14
1623,6.928275765076313e-14
1624,6.93965473897293e-14
1625,6.951069144944792e-14
1626,6.962519226008736e-14
1627,6.974005220853484e-14
1628,6.985527345711796e-14
1629,6.997085814186852e-14
1630,7.008680935228532e-14
1631,7.020313082768715e-14
1632,7.031982599826095e-14
1633,7.043689841110987e-14
1634,7.055435391007367e-14
1635,7.067219845994771e-14
1636,7.079043505247669e-14
1637,7.090906681635027e-14
1638,7.102809870341678e-14
1639,7.114753402562761e-14
1640,7.126737460805705e-14
1641,7.138762367118638e-14
1642,7.150828674493686e-14
1643,7.162936857989263e-14
1644,7.175087217298113e-14
1645,7.187280021444037e-14
1646,7.199515581415834e-14
1647,7.211794285035109e-14
1648,7.22411684940825e-14
1649,7.236484170693091e-14
1650,7.24889680187353e-14
1651,7.261355210886034e-14
1652,7.273859961776516e-14
1653,7.286411442807087e-14
1654,7.299009998031534e-14
1655,7.311656180318489e-14
1656,7.3243508206168e-14
1657,7.337094747878076e-14
1658,7.349888520105714e-14
1659,7.362732627471504e-14
1660,7.375627616708375e-14
1661,7.38857427256462e-14
1662,7.401573282629828e-14
1663,7.414624944493189e-14
1664,7.427729611906396e-14
1665,7.440887841550694e-14
1666,7.454100505579316e-14
1667,7.467368666050583e-14
1668,7.480692990521806e-14
1669,7.494073930811626e-14
1670,7.507512396778802e-14
1671,7.521009412654203e-14
1672,7.53456551109385e-14
1673,7.548181019471427e-14
1674,7.56185644414848e-14
1675,7.57559238581246e-14
1676,7.589389520240062e-14
1677,7.603248632324137e-14
1678,7.617170706505872e-14
1679,7.631156863810991e-14
1680,7.645207962322301e-14
1681,7.659324878072885e-14
1682,7.673508833098078e-14
1683,7.68776070712014e-14
1684,7.702081077111068e-14
1685,7.716470762856496e-14
1686,7.730930784471843e-14
1687,7.745462020167244e-14
1688,7.760065238030924e-14
1689,7.774741270169764e-14
1690,7.789491239820748e-14
1691,7.804316163609878e-14
1692,7.819216746112024e-14
1693,7.834193604158028e-14
1694,7.84924746658091e-14
1695,7.86437920037368e-14
1696,7.879589897348418e-14
1697,7.894880779432512e-14
1698,7.910253085696107e-14
1699,7.92570767384199e-14
1700,7.941245083916995e-14
1701,7.956866014611429e-14
1702,7.972571294145256e-14
1703,7.988361707416823e-14
1704,8.004237997131692e-14
1705,8.020200891861264e-14
1706,8.036250950700819e-14
1707,8.052388731817192e-14
1708,8.068615121596067e-14
1709,8.084931338721784e-14
1710,8.101338534534623e-14
1711,8.117837737600203e-14
1712,8.134429759901558e-14
1713,8.151115267570497e-14
1714,8.167895107057622e-14
1715,8.18477036307623e-14
1716,8.201742378264508e-14
1717,8.218812454514412e-14
1718,8.235981487601508e-14
1719,8.253250305858836e-14
1720,8.270619944832492e-14
1721,8.288091431233347e-14
1722,8.305665673691022e-14
1723,8.323343481544674e-14
1724,8.341125652351322e-14
1725,8.359012890249813e-14
1726,8.377005866488747e-14
1727,8.395105408444174e-14
1728,8.413312560017304e-14
1729,8.431628382740384e-14
1730,8.450054014034851e-14
1731,8.468590659716601e-14
1732,8.487239578194749e-14
1733,8.506001898179941e-14
1734,8.524878452012073e-14
1735,8.543870001577377e-14
1736,8.562977486628215e-14
1737,8.58220198687545e-14
1738,8.601544394798879e-14
1739,8.621005616818323e-14
1740,8.640586655883493e-14
1741,8.660288474073928e-14
1742,8.680112018002883e-14
1743,8.700058204234607e-14
1744,8.72012795248346e-14
1745,8.740322306367202e-14
1746,8.760642329675704e-14
1747,8.781088944920529e-14
1748,8.801662886050652e-14
1749,8.822365025280425e-14
1750,8.843196457293545e-14
1751,8.864158223819744e-14
1752,8.885251296311722e-14
1753,8.906476873479044e-14
1754,8.927836075078966e-14
1755,8.949329350098463e-14
1756,8.970956993179074e-14
1757,8.992719662887811e-14
1758,9.014618178907953e-14
1759,9.03665346764165e-14
1760,9.058826648780685e-14
1761,9.081138904804408e-14
1762,9.10359132022128e-14
1763,9.126184818968734e-14
1764,9.148920233645212e-14
1765,9.17179863754849e-14
1766,9.194821509521423e-14
1767,9.21798998128732e-14
1768,9.241304051343104e-14
1769,9.26476337676419e-14
1770,9.288368844515096e-14
1771,9.312122141012223e-14
1772,9.336024098587433e-14
1773,9.360074819018659e-14
1774,9.384274938373538e-14
1775,9.408625524981889e-14
1776,9.433127488298685e-14
1777,9.457781959946971e-14
1778,9.482590421060307e-14
1779,9.507554215541189e-14
1780,9.53267393581966e-14
1781,9.557949964925443e-14
1782,9.58338297889585e-14
1783,9.608974136345485e-14
1784,9.634724987297927e-14
1785,9.660636041202556e-14
1786,9.686707162900041e-14
1787,9.71293931938359e-14
1788,9.739334388959208e-14
1789,9.765893086079543e-14
1790,9.792614127379645e-14
1791,9.819496481262807e-14
1792,9.846540080279381e-14
1793,9.87374534523554e-14
1794,9.901113516928246e-14
1795,9.928645881519857e-14
1796,9.956343319815268e-14
1797,9.984206511571816e-14
1798,1.0012235976323785e-13
1799,1.0040432842151411e-13
1800,1.0068798327078004e-13
1801,1.0097332535842342e-13
1802,1.0126035198761398e-13
1803,1.0154906950571984e-13
1804,1.0183949431693001e-13
1805,1.0213164484270399e-13
1806,1.0242552995505718e-13
1807,1.0272115066576226e-13
1808,1.0301851244452985e-13
1809,1.0331762220894166e-13
1810,1.03618489333534e-13
1811,1.03921116600248e-13
1812,1.0422550337256821e-13
1813,1.0453166414263766e-13
1814,1.0483961837842122e-13
1815,1.0514936986537522e-13
1816,1.0546091428422634e-13
1817,1.0577424780369177e-13
1818,1.0608935663940112e-13
1819,1.064062375246886e-13
1820,1.0672490840691619e-13
1821,1.0704538803276175e-13
1822,1.0736768868731667e-13
1823,1.0769182534450485e-13
1824,1.0801781987692782e-13
1825,1.0834568139399177e-13
1826,1.0867539592151414e-13
1827,1.0900695448173172e-13
1828,1.0934035425499081e-13
1829,1.0967558685346189e-13
1830,1.1001265045991888e-13
1831,1.1035155288895289e-13
1832,1.1069230540246946e-13
1833,1.1103491968637648e-13
1834,1.113794099129716e-13
1835,1.117257924675234e-13
1836,1.12074083235667e-13
1837,1.1242429760858198e-13
1838,1.1277645264863416e-13
1839,1.131305644856379e-13
1840,1.1348664390486265e-13
1841,1.1384470085823097e-13
1842,1.1420474206538854e-13
1843,1.1456677361416656e-13
1844,1.1493080858505234e-13
1845,1.1529686073421194e-13
1846,1.156649357435664e-13
1847,1.160350332471035e-13
1848,1.1640716762391993e-13
1849,1.1678136300243814e-13
1850,1.1715762752151234e-13
1851,1.1753596042873072e-13
1852,1.179163775800239e-13
1853,1.1829889896036969e-13
1854,1.1868353741139212e-13
1855,1.1907029982161499e-13
1856,1.1945919436084836e-13
1857,1.1985022842984634e-13
1858,1.2024340710885043e-13
1859,1.2063874765787938e-13
1860,1.210362743324235e-13
1861,1.2143600242835582e-13
1862,1.2183792268951133e-13
1863,1.2224201714361823e-13
1864,1.2264826657866106e-13
1865,1.230566698165053e-13
1866,1.2346724674833388e-13
1867,1.2388001126509566e-13
1868,1.242949630305694e-13
1869,1.24712102782165e-13
1870,1.2513143782410106e-13
1871,1.2555297570318547e-13
1872,1.2597670741040945e-13
1873,1.2640261367647678e-13
1874,1.268306925915038e-13
1875,1.2726095071978968e-13
1876,1.2769337181757172e-13
1877,1.2812793097262211e-13
1878,1.285646182395494e-13
1879,1.290034361779918e-13
1880,1.2944437449551005e-13
1881,1.2988743794477972e-13
1882,1.3033265329425896e-13
1883,1.3078002543805064e-13
1884,1.312295286111376e-13
1885,1.3168114802111968e-13
1886,1.3213489169898046e-13
1887,1.3259071922332334e-13
1888,1.3304858563670569e-13
1889,1.3350848035220807e-13
1890,1.3397038053739663e-13
1891,1.3443423628373384e-13
1892,1.3490005030826792e-13
1893,1.3536785465116704e-13
1894,1.3583765344171924e-13
1895,1.3630944492719997e-13
1896,1.367832391672756e-13
1897,1.372590434042633e-13
1898,1.377368447694072e-13
1899,1.3821659548956347e-13
1900,1.386982631018409e-13
1901,1.391818673697967e-13
1902,1.3966741494664162e-13
1903,1.4015488000595068e-13
1904,1.4064425681636374e-13
1905,1.4113552455150711e-13
1906,1.4162865607421496e-13
1907,1.4212366214854815e-13
1908,1.4262056101906163e-13
1909,1.431193749954127e-13
1910,1.4362011422741738e-13
1911,1.4412277000949775e-13
1912,1.4462734850839357e-13
1913,1.4513383948871645e-13
1914,1.4564221594115055e-13
1915,1.461524784264661e-13
1916,1.466646398183863e-13
1917,1.4717868854535261e-13
1918,1.476945879008918e-13
1919,1.482123326334285e-13
1920,1.4873193987458754e-13
1921,1.4925339575721955e-13
1922,1.4977668765130302e-13
1923,1.5030180296655463e-13
1924,1.5082873772637784e-13
1925,1.5135747714802395e-13
1926,1.5188795494440837e-13
1927,1.5242012840944312e-13
1928,1.5295400345544564e-13
1929,1.5348959611431302e-13
1930,1.5402689815429394e-13
1931,1.5456586442217897e-13
1932,1.551064813441496e-13
1933,1.5564873086481396e-13
1934,1.561925613507363e-13
1935,1.5673793013825226e-13
1936,1.5728481520931664e-13
1937,1.5783319649334881e-13
1938,1.583830862251551e-13
1939,1.5893447604183395e-13
1940,1.5948733543241742e-13
1941,1.6004164473594868e-13
1942,1.6059739495707308e-13
1943,1.6115458695648718e-13
1944,1.6171319300296548e-13
1945,1.6227318893601684e-13
1946,1.6283458292137194e-13
1947,1.6339734139382247e-13
1948,1.6396143340556738e-13
1949,1.6452683730426354e-13
1950,1.6509352117138158e-13
1951,1.6566148083784203e-13
1952,1.6623073422410304e-13
1953,1.66801283339599e-13
1954,1.6737308884061911e-13
1955,1.6794609126813224e-13
1956,1.6852026425836588e-13
1957,1.6909562777829556e-13
1958,1.696721716100939e-13
1959,1.702498191937036e-13
1960,1.7082854948072236e-13
1961,1.714083691797321e-13
1962,1.7198919456399795e-13
1963,1.7257092407044422e-13
1964,1.7315353586668174e-13
1965,1.7373705018742006e-13
1966,1.7432145583092313e-13
1967,1.7490671170643908e-13
1968,1.754928235752863e-13
1969,1.760798057471213e-13
1970,1.7666766443329523e-13
1971,1.7725640135293824e-13
1972,1.7784597851586613e-13
1973,1.7843636069706435e-13
1974,1.7902754677279573e-13
1975,1.7961954131155404e-13
1976,1.8021232473573947e-13
1977,1.8080587033094307e-13
1978,1.8140016042254903e-13
1979,1.8199518895622865e-13
1980,1.8259095809642304e-13
1981,1.8318741895901669e-13
1982,1.837845334596417e-13
1983,1.8438230660136363e-13
1984,1.8498074107354185e-13
1985,1.855798256946083e-13
1986,1.8617955528843365e-13
1987,1.8677994407083032e-13
1988,1.8738098369191597e-13
1989,1.8798260518020979e-13
1990,1.8858474400941836e-13
1991,1.891873774595812e-13
1992,1.8979049409245704e-13
1993,1.90394072087664e-13
1994,1.9099809658374378e-13
1995,1.9160253693724585e-13
1996,1.922073499947739e-13
1997,1.9281253055711897e-13
1998,1.9341809390820966e-13
1999,1.9402403761077392e-13
2000,1.946303204456001e-13
2001,1.9523692228784188e-13
2002,1.9584385253383123e-13
2003,1.9645109139787655e-13
2004,1.9705861171213894e-13
2005,1.9766637914003024e-13
2006,1.9827436476356242e-13
2007,1.9888256752473324e-13
2008,1.9949098035013026e-13
2009,2.0009957940406426e-13
2010,2.0070835679223554e-13
2011,2.0131730206528925e-13
2012,2.019263992495645e-13
2013,2.0253563637648483e-13
2014,2.0314500864212918e-13
2015,2.037545205256895e-13
2016,2.0436417216823983e-13
2017,2.0497395473120226e-13
2018,2.0558383605084032e-13
2019,2.061937979065963e-13
2020,2.0680384438592997e-13
2021,2.0741397778640848e-13
2022,2.080241937770592e-13
2023,2.0863447997443603e-13
2024,2.0924482226027768e-13
2025,2.0985521916709749e-13
2026,2.1046567690979223e-13
2027,2.1107617691705383e-13
2028,2.1168670456942908e-13
2029,2.1229726484050752e-13
2030,2.1290784718661005e-13
2031,2.1351842801009016e-13
2032,2.141290075979815e-13
2033,2.1473958805051689e-13
2034,2.1535016821977973e-13
2035,2.1596074842124421e-13
2036,2.1657132864547335e-13
2037,2.1718190885317357e-13
2038,2.1779248906639937e-13
2039,2.1840306927895304e-13
2040,2.1901364949108665e-13
2041,2.1962422970353652e-13
2042,2.202348099158787e-13
2043,2.2084539012823473e-13
2044,2.2145597034059854e-13
2045,2.2206655055295626e-13
2046,2.2267713076531619e-13
2047,2.232877109776757e-13
2048,2.238982911900351e-13
2049,2.2450887140239464e-13
2050,2.2511945161475414e-13
2051,2.2573003182711363e-13
2052,2.2634061203947315e-13
2053,2.2695119225183262e-13
2054,2.275617724641921e-13
2055,2.2817235267655166e-13
2056,2.2878293288891115e-13
2057,2.2939351310127064e-13
2058,2.300040933136301e-13
2059,2.306146735259897e-13
2060,2.312252537383491e-13
2061,2.318358339507086e-13
2062,2.3244641416306816e-13
2063,2.3305699437542766e-13
2064,2.336675745877871e-13
2065,2.342781548001467e-13
2066,2.3488873501250614e-13
2067,2.3549931522486563e-13
2068,2.361098954372251e-13
2069,2.367204756495846e-13
2070,2.3733105586194416e-13
2071,2.3794163607430366e-13
2072,2.3855221628666315e-13
2073,2.3916279649902264e-13
2074,2.3977337671138214e-13
2075,2.403839569237417e-13
2076,2.409945371361012e-13
2077,2.4160511734846067e-13
2078,2.422156975608201e-13
2079,2.4282627777317966e-13
2080,2.434368579855392e-13
2081,2.440474381978987e-13
2082,2.446580184102582e-13
2083,2.4526859862261763e-13
2084,2.4587917883497713e-13
2085,2.464897590473366e-13
2086,2.471003392596961e-13
2087,2.4771091947205566e-13
2088,2.4832149968441515e-13
2089,2.489320798967747e-13
2090,2.4954266010913414e-13
2091,2.501532403214937e-13
2092,2.507638205338532e-13
2093,2.5137440074621267e-13
2094,2.5198498095857216e-13
2095,2.5259556117093166e-13
2096,2.5320614138329115e-13
2097,2.538167215956507e-13
2098,2.544273018080102e-13
2099,2.550378820203697e-13
2100,2.556484622327292e-13
2101,2.5625904244508867e-13
2102,2.568696226574482e-13
2103,2.5748020286980766e-13
2104,2.580907830821672e-13
2105,2.587013632945267e-13
2106,2.593119435068862e-13
2107,2.5992252371924563e-13
2108,2.6053310393160513e-13
2109,2.6114368414396467e-13
2110,2.6175426435632416e-13
2111,2.6236484456868366e-13
2112,2.629754247810432e-13
2113,2.6358600499340265e-13
2114,2.641965852057622e-13
2115,2.648071654181217e-13
2116,2.654177456304812e-13
2117,2.660283258428407e-13
2118,2.6663890605520016e-13
2119,2.672494862675597e-13
2120,2.6786006647991915e-13
2121,2.684706466922787e-13
2122,2.690812269046382e-13
2123,2.696918071169977e-13
2124,2.7030238732935723e-13
2125,2.709129675417167e-13
2126,2.7152354775407617e-13
2127,2.721341279664357e-13
2128,2.727447081787952e-13
2129,2.733552883911547e-13
2130,2.739658686035142e-13
2131,2.7457644881587373e-13
2132,2.751870290282332e-13
2133,2.7579760924059267e-13
2134,2.7640818945295217e-13
2135,2.7701876966531166e-13
2136,2.776293498776712e-13
2137,2.782399300900307e-13
2138,2.788505103023902e-13
2139,2.794610905147497e-13
2140,2.800716707271092e-13
2141,2.806822509394687e-13
2142,2.812928311518282e-13
2143,2.8190341136418776e-13
2144,2.825139915765472e-13
2145,2.831245717889067e-13
2146,2.8373515200126624e-13
2147,2.8434573221362574e-13
2148,2.8495631242598523e-13
2149,2.855668926383447e-13
2150,2.861774728507042e-13
2151,2.8678805306306376e-13
2152,2.8739863327542325e-13
2153,2.8800921348778265e-13
2154,2.8861979370014224e-13
2155,2.892303739125017e-13
2156,2.8984095412486123e-13
2157,2.9045153433722067e-13
2158,2.9106211454958017e-13
2159,2.916726947619397e-13
2160,2.922832749742992e-13
2161,2.928938551866587e-13
2162,2.935044353990182e-13
2163,2.941150156113777e-13
2164,2.9472559582373723e-13
2165,2.953361760360967e-13
2166,2.959467562484562e-13
2167,2.965573364608157e-13
2168,2.971679166731752e-13
2169,2.9777849688553475e-13
2170,2.983890770978942e-13
2171,2.9899965731025374e-13
2172,2.9961023752261323e-13
2173,3.002208177349727e-13
2174,3.008313979473322e-13
2175,3.014419781596917e-13
2176,3.020525583720512e-13
2177,3.026631385844107e-13
2178,3.0327371879677024e-13
2179,3.0388429900912974e-13
2180,3.0449487922148923e-13
2181,3.0510545943384877e-13
2182,3.057160396462082e-13
2183,3.063266198585677e-13
2184,3.069372000709272e-13
2185,3.075477802832867e-13
2186,3.0815836049564624e-13
2187,3.087689407080058e-13
2188,3.0937952092036523e-13
2189,3.099901011327247e-13
2190,3.106006813450842e-13
2191,3.1121126155744376e-13
2192,3.118218417698032e-13
2193,3.1243242198216275e-13
2194,3.1304300219452224e-13
2195,3.1365358240688174e-13
2196,3.142641626192413e-13
2197,3.148747428316008e-13
2198,3.154853230439602e-13
2199,3.1609590325631976e-13
2200,3.1670648346867926e-13
2201,3.173170636810387e-13
2202,3.1792764389339824e-13
2203,3.1853822410575774e-13
2204,3.191488043181173e-13
2205,3.1975938453047673e-13
2206,3.2036996474283627e-13
2207,3.2098054495519576e-13
2208,3.2159112516755526e-13
2209,3.2220170537991475e-13
2210,3.2281228559227424e-13
2211,3.2342286580463374e-13
2212,3.2403344601699323e-13
2213,3.246440262293528e-13
2214,3.2525460644171217e-13
2215,3.258651866540717e-13
2216,3.2647576686643126e-13
2217,3.2708634707879075e-13
2218,3.276969272911503e-13
2219,3.2830750750350984e-13
2220,3.2891808771586923e-13
2221,3.2952866792822873e-13
2222,3.301392481405882e-13
2223,3.307498283529477e-13
2224,3.313604085653072e-13
2225,3.319709887776668e-13
2226,3.325815689900263e-13
2227,3.3319214920238574e-13
2228,3.3380272941474533e-13
2229,3.3441330962710473e-13
2230,3.3502388983946427e-13
2231,3.3563447005182376e-13
2232,3.3624505026418326e-13
2233,3.3685563047654275e-13
2234,3.3746621068890225e-13
2235,3.380767909012618e-13
2236,3.386873711136213e-13
2237,3.392979513259808e-13
2238,3.3990853153834027e-13
2239,3.4051911175069976e-13
2240,3.411296919630593e-13
2241,3.417402721754188e-13
2242,3.423508523877783e-13
2243,3.429614326001378e-13
2244,3.435720128124973e-13
2245,3.4418259302485673e-13
2246,3.447931732372162e-13
2247,3.454037534495758e-13
2248,3.4601433366193526e-13
2249,3.466249138742948e-13
2250,3.4723549408665435e-13
2251,3.4784607429901384e-13
2252,3.4845665451137333e-13
2253,3.490672347237328e-13
2254,3.496778149360922e-13
2255,3.502883951484517e-13
2256,3.5089897536081126e-13
2257,3.515095555731708e-13
2258,3.521201357855302e-13
2259,3.5273071599788974e-13
2260,3.5334129621024923e-13
2261,3.5395187642260873e-13
2262,3.545624566349683e-13
2263,3.551730368473278e-13
2264,3.5578361705968736e-13
2265,3.5639419727204675e-13
2266,3.5700477748440625e-13
2267,3.5761535769676584e-13
2268,3.5822593790912534e-13
2269,3.5883651812148483e-13
2270,3.5944709833384427e-13
2271,3.6005767854620377e-13
2272,3.6066825875856326e-13
2273,3.6127883897092275e-13
2274,3.618894191832823e-13
2275,3.624999993956418e-13
2276,3.631105796080013e-13
2277,3.637211598203609e-13
2278,3.6433174003272027e-13
2279,3.649423202450798e-13
2280,3.655529004574393e-13
2281,3.661634806697988e-13
2282,3.667740608821584e-13
2283,3.673846410945178e-13
2284,3.6799522130687734e-13
2285,3.6860580151923683e-13
2286,3.692163817315963e-13
2287,3.698269619439558e-13
2288,3.704375421563153e-13
2289,3.7104812236867485e-13
2290,3.7165870258103435e-13
2291,3.722692827933938e-13
2292,3.7287986300575334e-13
2293,3.734904432181128e-13
2294,3.7410102343047227e-13
2295,3.7471160364283177e-13
2296,3.753221838551913e-13
2297,3.759327640675508e-13
2298,3.765433442799103e-13
2299,3.771539244922699e-13
2300,3.777645047046294e-13
2301,3.783750849169889e-13
2302,3.7898566512934837e-13
2303,3.7959624534170787e-13
2304,3.802068255540674e-13
2305,3.8081740576642675e-13
2306,3.8142798597878635e-13
2307,3.8203856619114584e-13
2308,3.826491464035053e-13
2309,3.832597266158648e-13
2310,3.8387030682822427e-13
2311,3.8448088704058377e-13
2312,3.8509146725294326e-13
2313,3.8570204746530286e-13
2314,3.8631262767766235e-13
2315,3.869232078900218e-13
2316,3.875337881023813e-13
2317,3.881443683147409e-13
2318,3.8875494852710043e-13
2319,3.893655287394598e-13
2320,3.899761089518193e-13
2321,3.905866891641788e-13
2322,3.911972693765383e-13
2323,3.9180784958889784e-13
2324,3.9241842980125734e-13
2325,3.9302901001361683e-13
2326,3.936395902259763e-13
2327,3.942501704383358e-13
2328,3.9486075065069536e-13
2329,3.9547133086305486e-13
2330,3.9608191107541435e-13
2331,3.9669249128777384e-13
2332,3.9730307150013334e-13
2333,3.979136517124929e-13
2334,3.985242319248524e-13
2335,3.9913481213721187e-13
2336,3.9974539234957136e-13
2337,4.0035597256193086e-13
2338,4.009665527742904e-13
2339,4.015771329866499e-13
2340,4.021877131990094e-13
2341,4.0279829341136883e-13
2342,4.034088736237284e-13
2343,4.040194538360879e-13
2344,4.046300340484473e-13
2345,4.0524061426080676e-13
2346,4.0585119447316625e-13
2347,4.064617746855259e-13
2348,4.0707235489788534e-13
2349,4.0768293511024483e-13
2350,4.0829351532260443e-13
2351,4.0890409553496387e-13
2352,4.0951467574732326e-13
2353,4.101252559596828e-13
2354,4.1073583617204235e-13
2355,4.113464163844018e-13
2356,4.119569965967614e-13
2357,4.1256757680912093e-13
2358,4.1317815702148033e-13
2359,4.137887372338398e-13
2360,4.143993174461993e-13
2361,4.150098976585589e-13
2362,4.156204778709183e-13
2363,4.1623105808327785e-13
2364,4.1684163829563734e-13
2365,4.1745221850799683e-13
2366,4.1806279872035633e-13
2367,4.186733789327158e-13
2368,4.1928395914507536e-13
2369,4.1989453935743486e-13
2370,4.2050511956979435e-13
2371,4.2111569978215385e-13
2372,4.2172627999451334e-13
2373,4.2233686020687293e-13
2374,4.229474404192324e-13
2375,4.2355802063159187e-13
2376,4.2416860084395136e-13
2377,4.2477918105631086e-13
2378,4.253897612686704e-13
2379,4.260003414810299e-13
2380,4.266109216933894e-13
2381,4.272215019057489e-13
2382,4.278320821181084e-13
2383,4.284426623304678e-13
2384,4.2905324254282726e-13
2385,4.2966382275518686e-13
2386,4.302744029675464e-13
2387,4.308849831799059e-13
2388,4.3149556339226544e-13
2389,4.3210614360462493e-13
2390,4.3271672381698443e-13
2391,4.3332730402934387e-13
2392,4.339378842417034e-13
2393,4.345484644540628e-13
2394,4.3515904466642245e-13
2395,4.357696248787818e-13
2396,4.363802050911414e-13
2397,4.3699078530350083e-13
2398,4.376013655158604e-13
2399,4.3821194572821987e-13
2400,4.388225259405794e-13
2401,4.394331061529389e-13
2402,4.4004368636529835e-13
2403,4.4065426657765785e-13
2404,4.4126484679001734e-13
2405,4.418754270023768e-13
2406,4.4248600721473633e-13
2407,4.4309658742709587e-13
2408,4.437071676394555e-13
2409,4.44317747851815e-13
2410,4.4492832806417466e-13
2411,4.45538908276534e-13
2412,4.461494884888933e-13
2413,4.4676006870125253e-13
2414,4.473706489136118e-13
2415,4.4798122912597117e-13
2416,4.4859180933833096e-13
2417,4.492023895506913e-13
2418,4.498129697630518e-13
2419,4.504235499754123e-13
2420,4.5103413018777197e-13
2421,4.516447104001304e-13
2422,4.5225529061248697e-13
2423,4.528658708248423e-13
2424,4.534764510371984e-13
2425,4.5408703124955717e-13
2426,4.5469761146192095e-13
2427,4.553081916742917e-13
2428,4.559187718866669e-13
2429,4.565293520990392e-13
2430,4.571399323114005e-13
2431,4.57750512523743e-13
2432,4.583610927360597e-13
2433,4.589716729483604e-13
2434,4.595822531606735e-13
2435,4.601928333730283e-13
2436,4.608034135854541e-13
2437,4.614139937979773e-13
2438,4.620245740105566e-13
2439,4.626351542230856e-13
2440,4.632457344354546e-13
2441,4.638563146475543e-13
2442,4.644668948592895e-13
2443,4.650774750708281e-13
2444,4.656880552825705e-13
2445,4.662986354949249e-13
2446,4.669092157082997e-13
2447,4.675197959230387e-13
2448,4.681303761384608e-13
2449,4.687409563530649e-13
2450,4.693515365653275e-13
2451,4.699621167737246e-13
2452,4.705726969770225e-13
2453,4.711832771779642e-13
2454,4.717938573821726e-13
2455,4.724044375953346e-13
2456,4.730150178231377e-13
2457,4.736255980699751e-13
2458,4.742361783248718e-13
2459,4.748467585667776e-13
2460,4.754573387744675e-13
2461,4.760679189267153e-13
2462,4.766784990079984e-13
2463,4.77289079061998e-13
2464,4.778996591674717e-13
2465,4.785102394036296e-13
2466,4.7912081984967e-13
2467,4.797314005598777e-13
2468,4.803419813613525e-13
2469,4.80952561959695e-13
2470,4.815631420592077e-13
2471,4.821737213639855e-13
2472,4.827842996863195e-13
2473,4.833948777085235e-13
2474,4.840054565323119e-13
2475,4.846160372595049e-13
2476,4.852266209893099e-13
2477,4.858372083596415e-13
2478,4.864477967083788e-13
2479,4.870583819373002e-13
2480,4.876689598996717e-13
2481,4.882795264218086e-13
2482,4.888900794192524e-13
2483,4.895006295182576e-13
2484,4.901111920275163e-13
2485,4.907217818834676e-13
2486,4.913324145881048e-13
2487,4.919430978879694e-13
2488,4.92553790397233e-13
2489,4.931644322014842e-13
2490,4.937749705035517e-13
2491,4.943853591319281e-13
2492,4.949955498613653e-13
2493,4.956057110352214e-13
2494,4.962160545458722e-13
2495,4.96826150968622e-13
2496,4.974386902355966e-13
2497,4.980570282417869e-13
2498,4.986499866142692e-13
2499,4.992412794132408e-13
