,max,min
0,-3.6643691020344415,-3.6888794541139363
1,-3.5511987455694163,-3.6888794541139363
2,-3.368281253106392,-3.6888794541139363
3,-3.1484815582942067,-3.6888794541139363
4,-2.8953412006484873,-3.6888794541139363
5,-2.6139264623407947,-3.6888794541139363
6,-2.299268498977336,-3.6888794541139363
7,-1.9614711973445962,-3.6888794541139363
8,-1.5644559187215166,-3.6888794541139363
9,-1.1016979494264576,-3.6888794541139363
10,-0.5948940491253936,-3.6888794541139363
11,-0.07516114731727352,-3.6888794541139363
12,0.41502364604889463,-3.6888794541139363
13,0.8254155290048805,-3.6888794541139363
14,1.1020152088288158,-3.6888794541139363
15,1.3303183435621013,-3.6888794541139363
16,1.5600257213460305,-3.6888794541139363
17,1.7521934434612352,-3.6888794541139363
18,1.8672398545489937,-3.6888794541139363
19,1.9454054788735942,-3.6888794541139363
20,1.920241590920692,-3.6888794541139363
21,1.8073273255319295,-3.6888794541139363
22,1.807054280000291,-3.6888794541139363
23,1.9609851973707966,-3.6888794541139363
24,2.005267911601449,-3.6888794541139363
25,1.9412588269804703,-3.6888794541139363
26,1.98380903774717,-3.6888794541139363
27,1.8581667704516274,-3.6888794541139363
28,1.993236221557248,-3.6888794541139363
29,2.149383620859926,-3.6888794541139363
30,2.31969046341218,-3.6888794541139363
31,2.4913775226256036,-3.6888794541139363
32,2.653944904107063,-3.6888794541139363
33,2.80917190065916,-3.6888794541139363
34,2.966438057306485,-3.6888794541139363
35,3.1244855598125283,-3.6888794541139363
36,3.2824319386016034,-3.6888794541139363
37,3.4300772236889068,-3.6888794541139363
38,3.577196444938845,-3.6888794541139363
39,3.7240365915867626,-3.6888794541139363
40,3.8611068925302923,-3.6888794541139363
41,3.9984415671541913,-3.6888794541139363
42,4.139988520367028,-3.6888794541139363
43,4.278310488521389,-3.6888794541139363
44,4.4164710284632855,-3.6888794541139363
45,4.544346391369321,-3.6888794541139363
46,4.663546911412781,-3.6888794541139363
47,4.783732456344323,-3.6888794541139363
48,4.887857379776916,-3.6888794541139363
49,4.983621005166538,-3.6888794541139363
50,5.0704670840575,-3.6888794541139363
51,5.144183901155943,-3.6888794541139363
52,5.2067133230285245,-3.6888794541139363
53,5.262521327498342,-3.6888794541139363
54,5.306538393611003,-3.6888794541139363
55,5.3740751725129,-3.6888794541139363
56,5.435842417641951,-3.6888794541139363
57,5.491868108142454,-3.6888794541139363
58,5.542457430233152,-3.6888794541139363
59,5.587900983043442,-3.6888794541139363
60,5.625567991289475,-3.6888794541139363
61,5.659371878662254,-3.6888794541139363
62,5.6895360157293755,-3.6888794541139363
63,5.714167496496099,-3.6888794541139363
64,5.736374197213468,-3.6888794541139363
65,5.767551066661891,-3.6888794541139363
66,5.795958893295547,-3.6888794541139363
67,5.819179540222503,-3.6888794541139363
68,5.840195329586294,-3.6888794541139363
69,5.859024009284955,-3.6888794541139363
70,5.873940486508413,-3.6888794541139363
71,5.887161250175221,-3.6888794541139363
72,5.897354602982558,-3.6888794541139363
73,5.907456301655884,-3.6888794541139363
74,5.91496594852881,-3.6888794541139363
75,5.921264563425596,-3.6888794541139363
76,5.925725579055582,-3.6888794541139363
77,5.9293491478379465,-3.6888794541139363
78,5.932167260008564,-3.6888794541139363
79,5.934217485221264,-3.6888794541139363
80,5.93554331029589,-3.6888794541139363
81,5.936130355861765,-3.6888794541139363
82,5.936280423515015,-3.6888794541139363
83,5.936027858336668,-3.6888794541139363
84,5.935409241532096,-3.6888794541139363
85,5.934462793055071,-3.6888794541139363
86,5.933227721844346,-3.6888794541139363
87,5.932058306591646,-3.6888794541139363
88,5.930749195003804,-3.6888794541139363
89,5.9293195990873695,-3.6888794541139363
90,5.927787834506732,-3.6888794541139363
91,5.926171027697595,-3.6888794541139363
92,5.924484888818151,-3.6888794541139363
93,5.922743498048967,-3.6888794541139363
94,5.921408740369745,-3.6888794541139363
95,5.919599492348804,-3.6888794541139363
96,5.918225465628634,-3.6888794541139363
97,5.916840537983929,-3.6888794541139363
98,5.914981783329003,-3.6888794541139363
99,5.913581516069759,-3.6888794541139363
100,5.9121779321701124,-3.6888794541139363
101,5.910772443205684,-3.6888794541139363
102,5.909366156611429,-3.6888794541139363
103,5.907959846354314,-3.6888794541139363
104,5.907022600394255,-3.6888794541139363
105,5.905617503382861,-3.6888794541139363
106,5.904213539136414,-3.6888794541139363
107,5.902810872285214,-3.6888794541139363
108,5.901876517033448,-3.6888794541139363
109,5.900476076501033,-3.6888794541139363
110,5.899543147023137,-3.6888794541139363
111,5.898610724860764,-3.6888794541139363
112,5.897212952429661,-3.6888794541139363
113,5.896281591710289,-3.6888794541139363
114,5.895350532439962,-3.6888794541139363
115,5.893954331498663,-3.6888794541139363
116,5.893023688087524,-3.6888794541139363
117,5.892093047548035,-3.6888794541139363
118,5.891162334691908,-3.6888794541139363
119,5.8902314325549865,-3.6888794541139363
120,5.889300251426068,-3.6888794541139363
121,5.888368659687271,-3.6888794541139363
122,5.887436573776695,-3.6888794541139363
123,5.886503854288129,-3.6888794541139363
124,5.885570382140243,-3.6888794541139363
125,5.884636037807884,-3.6888794541139363
126,5.88370068739776,-3.6888794541139363
127,5.882764182581071,-3.6888794541139363
128,5.88229545468698,-3.6888794541139363
129,5.88135696248161,-3.6888794541139363
130,5.880416988053041,-3.6888794541139363
131,5.8794753532815704,-3.6888794541139363
132,5.879003870971996,-3.6888794541139363
133,5.878059482884184,-3.6888794541139363
134,5.877113031888762,-3.6888794541139363
135,5.876639004068206,-3.6888794541139363
136,5.8756892071810665,-3.6888794541139363
137,5.874736969103907,-3.6888794541139363
138,5.8742598598009454,-3.6888794541139363
139,5.873303628344019,-3.6888794541139363
140,5.872824441146752,-3.6888794541139363
141,5.871863827652377,-3.6888794541139363
142,5.871382350092072,-3.6888794541139363
143,5.870416956554849,-3.6888794541139363
144,5.869932996100838,-3.6888794541139363
145,5.868962415105151,-3.6888794541139363
146,5.868475756868194,-3.6888794541139363
147,5.867988154540369,-3.6888794541139363
148,5.867010034682711,-3.6888794541139363
149,5.866519464960324,-3.6888794541139363
150,5.866027846740558,-3.6888794541139363
151,5.865041437812984,-3.6888794541139363
152,5.864546580350927,-3.6888794541139363
153,5.86405059047229,-3.6888794541139363
154,5.863055121926945,-3.6888794541139363
155,5.86255560448108,-3.6888794541139363
156,5.8620548628469615,-3.6888794541139363
157,5.861552866841658,-3.6888794541139363
158,5.860545054785898,-3.6888794541139363
159,5.860039178115193,-3.6888794541139363
160,5.859531954293068,-3.6888794541139363
161,5.859023367128487,-3.6888794541139363
162,5.858002016398138,-3.6888794541139363
163,5.8574891845148045,-3.6888794541139363
164,5.856974902649645,-3.6888794541139363
165,5.856459140086383,-3.6888794541139363
166,5.855941866041103,-3.6888794541139363
167,5.855423078304948,-3.6888794541139363
168,5.854902731672752,-3.6888794541139363
169,5.854380802345283,-3.6888794541139363
170,5.853332157540156,-3.6888794541139363
171,5.8528053798902215,-3.6888794541139363
172,5.8522769310259,-3.6888794541139363
173,5.851746808443325,-3.6888794541139363
174,5.8512149736726204,-3.6888794541139363
175,5.850681402545819,-3.6888794541139363
176,5.8501460852346145,-3.6888794541139363
177,5.849608997478302,-3.6888794541139363
178,5.849070050099626,-3.6888794541139363
179,5.848529182563349,-3.6888794541139363
180,5.847986334195558,-3.6888794541139363
181,5.847441509146038,-3.6888794541139363
182,5.846894711565304,-3.6888794541139363
183,5.84634587334365,-3.6888794541139363
184,5.845795020204164,-3.6888794541139363
185,5.845242091108928,-3.6888794541139363
186,5.844687104495005,-3.6888794541139363
187,5.844130028136395,-3.6888794541139363
188,5.843570836972205,-3.6888794541139363
189,5.843009520376459,-3.6888794541139363
190,5.843009520376459,-3.6888794541139363
191,5.842446067689686,-3.6888794541139363
192,5.841880439184882,-3.6888794541139363
193,5.841312631347914,-3.6888794541139363
194,5.840742633379801,-3.6888794541139363
195,5.840170419904973,-3.6888794541139363
196,5.839595972754361,-3.6888794541139363
197,5.839019288264979,-3.6888794541139363
198,5.838440340904339,-3.6888794541139363
199,5.838440340904339,-3.6888794541139363
200,5.837859112357607,-3.6888794541139363
201,5.837275584256271,-3.6888794541139363
202,5.836689745473888,-3.6888794541139363
203,5.836101592147062,-3.6888794541139363
204,5.835511113087078,-3.6888794541139363
205,5.835511113087078,-3.6888794541139363
206,5.834918253212361,-3.6888794541139363
207,5.834323052374283,-3.6888794541139363
208,5.833725470010726,-3.6888794541139363
209,5.833125480095162,-3.6888794541139363
210,5.833125480095162,-3.6888794541139363
211,5.832523115139761,-3.6888794541139363
212,5.831918312418557,-3.6888794541139363
213,5.831311089732561,-3.6888794541139363
214,5.830701428213394,-3.6888794541139363
215,5.830701428213394,-3.6888794541139363
216,5.830089301589582,-3.6888794541139363
217,5.829474734955873,-3.6888794541139363
218,5.828857672566684,-3.6888794541139363
219,5.828857672566684,-3.6888794541139363
220,5.828238146823521,-3.6888794541139363
221,5.827616123930897,-3.6888794541139363
222,5.827616123930897,-3.6888794541139363
223,5.826991592098172,-3.6888794541139363
224,5.826364554235963,-3.6888794541139363
225,5.825734991119296,-3.6888794541139363
226,5.825734991119296,-3.6888794541139363
227,5.8251029056052515,-3.6888794541139363
228,5.824468285773015,-3.6888794541139363
229,5.824468285773015,-3.6888794541139363
230,5.823831119658188,-3.6888794541139363
231,5.82319141004319,-3.6888794541139363
232,5.82319141004319,-3.6888794541139363
233,5.822549130103693,-3.6888794541139363
234,5.821904297362215,-3.6888794541139363
235,5.821256892324581,-3.6888794541139363
236,5.821256892324581,-3.6888794541139363
237,5.820606910261591,-3.6888794541139363
238,5.819954346418147,-3.6888794541139363
239,5.819954346418147,-3.6888794541139363
240,5.819299203437333,-3.6888794541139363
241,5.819299203437333,-3.6888794541139363
242,5.818641476526522,-3.6888794541139363
243,5.817981131130906,-3.6888794541139363
244,5.817981131130906,-3.6888794541139363
245,5.817318199540936,-3.6888794541139363
246,5.816652669455826,-3.6888794541139363
247,5.816652669455826,-3.6888794541139363
248,5.815984535977335,-3.6888794541139363
249,5.815313786726673,-3.6888794541139363
250,5.815313786726673,-3.6888794541139363
251,5.814640439113679,-3.6888794541139363
252,5.814640439113679,-3.6888794541139363
253,5.813964473261987,-3.6888794541139363
254,5.813285906572846,-3.6888794541139363
255,5.813285906572846,-3.6888794541139363
256,5.81260471163685,-3.6888794541139363
257,5.81260471163685,-3.6888794541139363
258,5.8119208983522626,-3.6888794541139363
259,5.8112344915995795,-3.6888794541139363
260,5.8112344915995795,-3.6888794541139363
261,5.810545456398553,-3.6888794541139363
262,5.810545456398553,-3.6888794541139363
263,5.809853802627088,-3.6888794541139363
264,5.809853802627088,-3.6888794541139363
265,5.809159547676954,-3.6888794541139363
266,5.808462663944515,-3.6888794541139363
267,5.808462663944515,-3.6888794541139363
268,5.807763183818722,-3.6888794541139363
269,5.807763183818722,-3.6888794541139363
270,5.807061094672437,-3.6888794541139363
271,5.807061094672437,-3.6888794541139363
272,5.806356383830083,-3.6888794541139363
273,5.806356383830083,-3.6888794541139363
274,5.805649076198521,-3.6888794541139363
275,5.804939174147534,-3.6888794541139363
276,5.804939174147534,-3.6888794541139363
277,5.80422664989313,-3.6888794541139363
278,5.80422664989313,-3.6888794541139363
279,5.803511543440418,-3.6888794541139363
280,5.803511543440418,-3.6888794541139363
281,5.802793849609887,-3.6888794541139363
282,5.802793849609887,-3.6888794541139363
283,5.802073563194765,-3.6888794541139363
284,5.802073563194765,-3.6888794541139363
285,5.801350694078215,-3.6888794541139363
286,5.801350694078215,-3.6888794541139363
287,5.8006252370314275,-3.6888794541139363
288,5.8006252370314275,-3.6888794541139363
289,5.7998972170768415,-3.6888794541139363
290,5.7998972170768415,-3.6888794541139363
291,5.79916662899707,-3.6888794541139363
292,5.79916662899707,-3.6888794541139363
293,5.798433467547595,-3.6888794541139363
294,5.798433467547595,-3.6888794541139363
295,5.797703743400259,-3.6888794541139363
296,5.797703743400259,-3.6888794541139363
297,5.796977942760345,-3.6888794541139363
298,5.796977942760345,-3.6888794541139363
299,5.796256036576565,-3.6888794541139363
300,5.796256036576565,-3.6888794541139363
301,5.795537980449823,-3.6888794541139363
302,5.795537980449823,-3.6888794541139363
303,5.7948237602288435,-3.6888794541139363
304,5.7948237602288435,-3.6888794541139363
305,5.794113323597598,-3.6888794541139363
306,5.794113323597598,-3.6888794541139363
307,5.793406625654932,-3.6888794541139363
308,5.793406625654932,-3.6888794541139363
309,5.79270364419167,-3.6888794541139363
310,5.79270364419167,-3.6888794541139363
311,5.792004341623795,-3.6888794541139363
312,5.792004341623795,-3.6888794541139363
313,5.7913086878449285,-3.6888794541139363
314,5.7913086878449285,-3.6888794541139363
315,5.790616629692948,-3.6888794541139363
316,5.790616629692948,-3.6888794541139363
317,5.789928159681536,-3.6888794541139363
318,5.789928159681536,-3.6888794541139363
319,5.789243232000783,-3.6888794541139363
320,5.789243232000783,-3.6888794541139363
321,5.7885618159787375,-3.6888794541139363
322,5.7885618159787375,-3.6888794541139363
323,5.787883888473552,-3.6888794541139363
324,5.787883888473552,-3.6888794541139363
325,5.787209403234968,-3.6888794541139363
326,5.787209403234968,-3.6888794541139363
327,5.786538344528057,-3.6888794541139363
328,5.786538344528057,-3.6888794541139363
329,5.785870681177515,-3.6888794541139363
330,5.785870681177515,-3.6888794541139363
331,5.785206381880485,-3.6888794541139363
332,5.785206381880485,-3.6888794541139363
333,5.784545399833912,-3.6888794541139363
334,5.784545399833912,-3.6888794541139363
335,5.7838877419113075,-3.6888794541139363
336,5.7838877419113075,-3.6888794541139363
337,5.783233345690518,-3.6888794541139363
338,5.783233345690518,-3.6888794541139363
339,5.782582202457917,-3.6888794541139363
340,5.782582202457917,-3.6888794541139363
341,5.781934272609334,-3.6888794541139363
342,5.781934272609334,-3.6888794541139363
343,5.781289547245574,-3.6888794541139363
344,5.781289547245574,-3.6888794541139363
345,5.780647986538198,-3.6888794541139363
346,5.780647986538198,-3.6888794541139363
347,5.780009558239764,-3.6888794541139363
348,5.780009558239764,-3.6888794541139363
349,5.7793742608893135,-3.6888794541139363
350,5.7793742608893135,-3.6888794541139363
351,5.778742038864362,-3.6888794541139363
352,5.778742038864362,-3.6888794541139363
353,5.778112882783493,-3.6888794541139363
354,5.778112882783493,-3.6888794541139363
355,5.777486775464655,-3.6888794541139363
356,5.777486775464655,-3.6888794541139363
357,5.776863676409181,-3.6888794541139363
358,5.776863676409181,-3.6888794541139363
359,5.776243568235257,-3.6888794541139363
360,5.776243568235257,-3.6888794541139363
361,5.775626433483836,-3.6888794541139363
362,5.775626433483836,-3.6888794541139363
363,5.775012231337877,-3.6888794541139363
364,5.775012231337877,-3.6888794541139363
365,5.775012231337877,-3.6888794541139363
366,5.774400951907619,-3.6888794541139363
367,5.774400951907619,-3.6888794541139363
368,5.773792577476772,-3.6888794541139363
369,5.773792577476772,-3.6888794541139363
370,5.773187066930071,-3.6888794541139363
371,5.773187066930071,-3.6888794541139363
372,5.772584410138256,-3.6888794541139363
373,5.772584410138256,-3.6888794541139363
374,5.771984589132777,-3.6888794541139363
375,5.771984589132777,-3.6888794541139363
376,5.771387570294219,-3.6888794541139363
377,5.771387570294219,-3.6888794541139363
378,5.770793335479273,-3.6888794541139363
379,5.770793335479273,-3.6888794541139363
380,5.770201866472012,-3.6888794541139363
381,5.770201866472012,-3.6888794541139363
382,5.769613144984318,-3.6888794541139363
383,5.769613144984318,-3.6888794541139363
384,5.769027137042346,-3.6888794541139363
385,5.769027137042346,-3.6888794541139363
386,5.768443839810637,-3.6888794541139363
387,5.768443839810637,-3.6888794541139363
388,5.767863211338956,-3.6888794541139363
389,5.767863211338956,-3.6888794541139363
390,5.767285248655344,-3.6888794541139363
391,5.767285248655344,-3.6888794541139363
392,5.766709933103921,-3.6888794541139363
393,5.766709933103921,-3.6888794541139363
394,5.766137222470548,-3.6888794541139363
395,5.766137222470548,-3.6888794541139363
396,5.765567129256712,-3.6888794541139363
397,5.765567129256712,-3.6888794541139363
398,5.76499961109725,-3.6888794541139363
399,5.76499961109725,-3.6888794541139363
400,5.7644346647200795,-3.6888794541139363
401,5.7644346647200795,-3.6888794541139363
402,5.763872255431446,-3.6888794541139363
403,5.763872255431446,-3.6888794541139363
404,5.7633123641384625,-3.6888794541139363
405,5.7633123641384625,-3.6888794541139363
406,5.762754987393644,-3.6888794541139363
407,5.762754987393644,-3.6888794541139363
408,5.762200090276128,-3.6888794541139363
409,5.762200090276128,-3.6888794541139363
410,5.761647669223352,-3.6888794541139363
411,5.761647669223352,-3.6888794541139363
412,5.761097697034382,-3.6888794541139363
413,5.761097697034382,-3.6888794541139363
414,5.76055016217256,-3.6888794541139363
415,5.76055016217256,-3.6888794541139363
416,5.760005037298066,-3.6888794541139363
417,5.760005037298066,-3.6888794541139363
418,5.759462326517469,-3.6888794541139363
419,5.759462326517469,-3.6888794541139363
420,5.75892197872048,-3.6888794541139363
421,5.75892197872048,-3.6888794541139363
422,5.7583840057891145,-3.6888794541139363
423,5.7583840057891145,-3.6888794541139363
424,5.757848364346643,-3.6888794541139363
425,5.757848364346643,-3.6888794541139363
426,5.75731508199328,-3.6888794541139363
427,5.75731508199328,-3.6888794541139363
428,5.756784083626466,-3.6888794541139363
429,5.756784083626466,-3.6888794541139363
430,5.756255396759317,-3.6888794541139363
431,5.756255396759317,-3.6888794541139363
432,5.755729001474316,-3.6888794541139363
433,5.755729001474316,-3.6888794541139363
434,5.755204861960903,-3.6888794541139363
435,5.755204861960903,-3.6888794541139363
436,5.754682973993209,-3.6888794541139363
437,5.754682973993209,-3.6888794541139363
438,5.754163309545838,-3.6888794541139363
439,5.754163309545838,-3.6888794541139363
440,5.753645872228389,-3.6888794541139363
441,5.753645872228389,-3.6888794541139363
442,5.753130649775227,-3.6888794541139363
443,5.753130649775227,-3.6888794541139363
444,5.752617598132408,-3.6888794541139363
445,5.752617598132408,-3.6888794541139363
446,5.752106728719072,-3.6888794541139363
447,5.752106728719072,-3.6888794541139363
448,5.751598005294479,-3.6888794541139363
449,5.751598005294479,-3.6888794541139363
450,5.751091439216301,-3.6888794541139363
451,5.751091439216301,-3.6888794541139363
452,5.750586994134219,-3.6888794541139363
453,5.750586994134219,-3.6888794541139363
454,5.750084649520062,-3.6888794541139363
455,5.750084649520062,-3.6888794541139363
456,5.749584424589069,-3.6888794541139363
457,5.749584424589069,-3.6888794541139363
458,5.749086266900265,-3.6888794541139363
459,5.749086266900265,-3.6888794541139363
460,5.748590187637286,-3.6888794541139363
461,5.748590187637286,-3.6888794541139363
462,5.748096166101453,-3.6888794541139363
463,5.748096166101453,-3.6888794541139363
464,5.747604181537251,-3.6888794541139363
465,5.747604181537251,-3.6888794541139363
466,5.747114237072545,-3.6888794541139363
467,5.747114237072545,-3.6888794541139363
468,5.746626295906632,-3.6888794541139363
469,5.746626295906632,-3.6888794541139363
470,5.746311850770602,-3.6888794541139363
471,5.7461403610903865,-3.6888794541139363
472,5.7461188579107745,-3.6888794541139363
473,5.7461188579107745,-3.6888794541139363
474,5.745926458962767,-3.6888794541139363
475,5.745926458962767,-3.6888794541139363
476,5.745734670258534,-3.6888794541139363
477,5.745734670258534,-3.6888794541139363
478,5.745543444201397,-3.6888794541139363
479,5.745543444201397,-3.6888794541139363
480,5.7453528210912985,-3.6888794541139363
481,5.7453528210912985,-3.6888794541139363
482,5.745162777293471,-3.6888794541139363
483,5.745162777293471,-3.6888794541139363
484,5.7449732891540055,-3.6888794541139363
485,5.7449732891540055,-3.6888794541139363
486,5.744784372992794,-3.6888794541139363
487,5.744784372992794,-3.6888794541139363
488,5.7445960291408396,-3.6888794541139363
489,5.7445960291408396,-3.6888794541139363
490,5.744408233923578,-3.6888794541139363
491,5.744408233923578,-3.6888794541139363
492,5.7442210116660215,-3.6888794541139363
493,5.7442210116660215,-3.6888794541139363
494,5.744034330678386,-3.6888794541139363
495,5.744034330678386,-3.6888794541139363
496,5.7438481912704,-3.6888794541139363
497,5.7438481912704,-3.6888794541139363
498,5.743662593751026,-3.6888794541139363
499,5.743662593751026,-3.6888794541139363
500,5.743477538428462,-3.6888794541139363
501,5.743477538428462,-3.6888794541139363
502,5.743293009589144,-3.6888794541139363
503,5.743293009589144,-3.6888794541139363
504,5.743109023554836,-3.6888794541139363
505,5.743109023554836,-3.6888794541139363
506,5.742925556591129,-3.6888794541139363
507,5.742925556591129,-3.6888794541139363
508,5.742742608989976,-3.6888794541139363
509,5.742742608989976,-3.6888794541139363
510,5.742560165009885,-3.6888794541139363
511,5.742560165009885,-3.6888794541139363
512,5.742378257003974,-3.6888794541139363
513,5.742378257003974,-3.6888794541139363
514,5.742196837155132,-3.6888794541139363
515,5.742196837155132,-3.6888794541139363
516,5.742015945838765,-3.6888794541139363
517,5.742015945838765,-3.6888794541139363
518,5.741835543236782,-3.6888794541139363
519,5.741835543236782,-3.6888794541139363
520,5.741655637643249,-3.6888794541139363
521,5.741655637643249,-3.6888794541139363
522,5.741476213282176,-3.6888794541139363
523,5.741476213282176,-3.6888794541139363
524,5.741297294497949,-3.6888794541139363
525,5.741297294497949,-3.6888794541139363
526,5.741118857483941,-3.6888794541139363
527,5.741118857483941,-3.6888794541139363
528,5.740940910533164,-3.6888794541139363
529,5.740940910533164,-3.6888794541139363
530,5.740763429820576,-3.6888794541139363
531,5.740763429820576,-3.6888794541139363
532,5.7405864236322905,-3.6888794541139363
533,5.7405864236322905,-3.6888794541139363
534,5.740409900259529,-3.6888794541139363
535,5.740409900259529,-3.6888794541139363
536,5.74023382782338,-3.6888794541139363
537,5.74023382782338,-3.6888794541139363
538,5.740058230676918,-3.6888794541139363
539,5.740058230676918,-3.6888794541139363
540,5.739883109076002,-3.6888794541139363
541,5.739883109076002,-3.6888794541139363
542,5.73970841504032,-3.6888794541139363
543,5.73970841504032,-3.6888794541139363
544,5.739534197043334,-3.6888794541139363
545,5.739534197043334,-3.6888794541139363
546,5.739360415128889,-3.6888794541139363
547,5.739360415128889,-3.6888794541139363
548,5.739187093660015,-3.6888794541139363
549,5.739187093660015,-3.6888794541139363
550,5.739014208746855,-3.6888794541139363
551,5.739014208746855,-3.6888794541139363
552,5.738841760621059,-3.6888794541139363
553,5.738841760621059,-3.6888794541139363
554,5.738669757561404,-3.6888794541139363
555,5.738669757561404,-3.6888794541139363
556,5.738498191753695,-3.6888794541139363
557,5.738498191753695,-3.6888794541139363
558,5.73832704732734,-3.6888794541139363
559,5.73832704732734,-3.6888794541139363
560,5.738156324503763,-3.6888794541139363
561,5.738156324503763,-3.6888794541139363
562,5.737986047663293,-3.6888794541139363
563,5.737986047663293,-3.6888794541139363
564,5.737816176766295,-3.6888794541139363
565,5.737816176766295,-3.6888794541139363
566,5.737646720080457,-3.6888794541139363
567,5.737646720080457,-3.6888794541139363
568,5.737477701992924,-3.6888794541139363
569,5.737477701992924,-3.6888794541139363
570,5.737309074379517,-3.6888794541139363
571,5.737309074379517,-3.6888794541139363
572,5.7371408616224135,-3.6888794541139363
573,5.7371408616224135,-3.6888794541139363
574,5.736973055874495,-3.6888794541139363
575,5.736973055874495,-3.6888794541139363
576,5.7368056492827995,-3.6888794541139363
577,5.7368056492827995,-3.6888794541139363
578,5.736638650116516,-3.6888794541139363
579,5.736638650116516,-3.6888794541139363
580,5.73647205051915,-3.6888794541139363
581,5.73647205051915,-3.6888794541139363
582,5.736305842628412,-3.6888794541139363
583,5.736305842628412,-3.6888794541139363
584,5.736305842628412,-3.6888794541139363
585,5.736140026644261,-3.6888794541139363
586,5.736140026644261,-3.6888794541139363
587,5.735974594696918,-3.6888794541139363
588,5.735974594696918,-3.6888794541139363
589,5.735809555052227,-3.6888794541139363
590,5.735809555052227,-3.6888794541139363
591,5.735644907908968,-3.6888794541139363
592,5.735644907908968,-3.6888794541139363
593,5.735480621172227,-3.6888794541139363
594,5.735480621172227,-3.6888794541139363
595,5.735316727322707,-3.6888794541139363
596,5.735316727322707,-3.6888794541139363
597,5.735153210406096,-3.6888794541139363
598,5.735153210406096,-3.6888794541139363
599,5.734990054457145,-3.6888794541139363
600,5.734990054457145,-3.6888794541139363
601,5.734827283892729,-3.6888794541139363
602,5.734827283892729,-3.6888794541139363
603,5.734664874665653,-3.6888794541139363
604,5.734664874665653,-3.6888794541139363
605,5.734502826956301,-3.6888794541139363
606,5.734502826956301,-3.6888794541139363
607,5.734341140944719,-3.6888794541139363
608,5.734341140944719,-3.6888794541139363
609,5.734179832978289,-3.6888794541139363
610,5.734179832978289,-3.6888794541139363
611,5.7340188628185285,-3.6888794541139363
612,5.7340188628185285,-3.6888794541139363
613,5.73385826297851,-3.6888794541139363
614,5.73385826297851,-3.6888794541139363
615,5.733698001289923,-3.6888794541139363
616,5.733698001289923,-3.6888794541139363
617,5.7335381021865715,-3.6888794541139363
618,5.7335381021865715,-3.6888794541139363
619,5.733378549665891,-3.6888794541139363
620,5.733378549665891,-3.6888794541139363
621,5.733219335806274,-3.6888794541139363
622,5.733219335806274,-3.6888794541139363
623,5.733060476959333,-3.6888794541139363
624,5.733060476959333,-3.6888794541139363
625,5.732901949015797,-3.6888794541139363
626,5.732901949015797,-3.6888794541139363
627,5.73274376023251,-3.6888794541139363
628,5.73274376023251,-3.6888794541139363
629,5.732585910774425,-3.6888794541139363
630,5.732585910774425,-3.6888794541139363
631,5.732428400806201,-3.6888794541139363
632,5.732428400806201,-3.6888794541139363
633,5.73227121429365,-3.6888794541139363
634,5.73227121429365,-3.6888794541139363
635,5.732114359493767,-3.6888794541139363
636,5.732114359493767,-3.6888794541139363
637,5.731957844668359,-3.6888794541139363
638,5.731957844668359,-3.6888794541139363
639,5.731801645671687,-3.6888794541139363
640,5.731801645671687,-3.6888794541139363
641,5.731645770759938,-3.6888794541139363
642,5.731645770759938,-3.6888794541139363
643,5.731490220088487,-3.6888794541139363
644,5.731490220088487,-3.6888794541139363
645,5.731334985705577,-3.6888794541139363
646,5.731334985705577,-3.6888794541139363
647,5.731180059654162,-3.6888794541139363
648,5.731180059654162,-3.6888794541139363
649,5.731025466409418,-3.6888794541139363
650,5.731025466409418,-3.6888794541139363
651,5.73087117368693,-3.6888794541139363
652,5.73087117368693,-3.6888794541139363
653,5.730717181629509,-3.6888794541139363
654,5.730717181629509,-3.6888794541139363
655,5.73056352283222,-3.6888794541139363
656,5.73056352283222,-3.6888794541139363
657,5.730410156880532,-3.6888794541139363
658,5.730410156880532,-3.6888794541139363
659,5.730257100144034,-3.6888794541139363
660,5.730257100144034,-3.6888794541139363
661,5.730104352768327,-3.6888794541139363
662,5.730104352768327,-3.6888794541139363
663,5.7299518905445215,-3.6888794541139363
664,5.7299518905445215,-3.6888794541139363
665,5.729799737964573,-3.6888794541139363
666,5.729799737964573,-3.6888794541139363
667,5.729647878932271,-3.6888794541139363
668,5.729647878932271,-3.6888794541139363
669,5.7294963135848835,-3.6888794541139363
670,5.7294963135848835,-3.6888794541139363
671,5.72934504205946,-3.6888794541139363
672,5.72934504205946,-3.6888794541139363
673,5.729194064492836,-3.6888794541139363
674,5.729194064492836,-3.6888794541139363
675,5.729043381021625,-3.6888794541139363
676,5.729043381021625,-3.6888794541139363
677,5.728892983655541,-3.6888794541139363
678,5.728892983655541,-3.6888794541139363
679,5.728742864399201,-3.6888794541139363
680,5.728742864399201,-3.6888794541139363
681,5.728593031510386,-3.6888794541139363
682,5.728593031510386,-3.6888794541139363
683,5.728443485121215,-3.6888794541139363
684,5.728443485121215,-3.6888794541139363
685,5.728294217232041,-3.6888794541139363
686,5.728294217232041,-3.6888794541139363
687,5.728145236103698,-3.6888794541139363
688,5.728145236103698,-3.6888794541139363
689,5.727996517465768,-3.6888794541139363
690,5.727996517465768,-3.6888794541139363
691,5.7278480858442204,-3.6888794541139363
692,5.7278480858442204,-3.6888794541139363
693,5.727699933233776,-3.6888794541139363
694,5.727699933233776,-3.6888794541139363
695,5.727699933233776,-3.6888794541139363
696,5.727552043486546,-3.6888794541139363
697,5.727552043486546,-3.6888794541139363
698,5.727404424861205,-3.6888794541139363
699,5.727404424861205,-3.6888794541139363
700,5.727257069341077,-3.6888794541139363
701,5.727257069341077,-3.6888794541139363
702,5.727109985186883,-3.6888794541139363
703,5.727109985186883,-3.6888794541139363
704,5.726963164379192,-3.6888794541139363
705,5.726963164379192,-3.6888794541139363
706,5.7268166151807645,-3.6888794541139363
707,5.7268166151807645,-3.6888794541139363
708,5.726670313279886,-3.6888794541139363
709,5.726670313279886,-3.6888794541139363
710,5.726524299518037,-3.6888794541139363
711,5.726524299518037,-3.6888794541139363
712,5.726378516994567,-3.6888794541139363
713,5.726378516994567,-3.6888794541139363
714,5.726233006555378,-3.6888794541139363
715,5.726233006555378,-3.6888794541139363
716,5.726087743873811,-3.6888794541139363
717,5.726087743873811,-3.6888794541139363
718,5.725942745362317,-3.6888794541139363
719,5.725942745362317,-3.6888794541139363
720,5.72579799483513,-3.6888794541139363
721,5.72579799483513,-3.6888794541139363
722,5.72565350055605,-3.6888794541139363
723,5.72565350055605,-3.6888794541139363
724,5.725509246330738,-3.6888794541139363
725,5.725509246330738,-3.6888794541139363
726,5.725365248576913,-3.6888794541139363
727,5.725365248576913,-3.6888794541139363
728,5.725221499251803,-3.6888794541139363
729,5.725221499251803,-3.6888794541139363
730,5.725077990307789,-3.6888794541139363
731,5.725077990307789,-3.6888794541139363
732,5.724934738169173,-3.6888794541139363
733,5.724934738169173,-3.6888794541139363
734,5.7247917021488695,-3.6888794541139363
735,5.7247917021488695,-3.6888794541139363
736,5.724648923148803,-3.6888794541139363
737,5.724648923148803,-3.6888794541139363
738,5.724506384957178,-3.6888794541139363
739,5.724506384957178,-3.6888794541139363
740,5.724364087679886,-3.6888794541139363
741,5.724364087679886,-3.6888794541139363
742,5.724222031422675,-3.6888794541139363
743,5.724222031422675,-3.6888794541139363
744,5.724080208125259,-3.6888794541139363
745,5.724080208125259,-3.6888794541139363
746,5.7239386178896305,-3.6888794541139363
747,5.7239386178896305,-3.6888794541139363
748,5.723797252649445,-3.6888794541139363
749,5.723797252649445,-3.6888794541139363
750,5.723656128841676,-3.6888794541139363
751,5.723656128841676,-3.6888794541139363
752,5.723515238400869,-3.6888794541139363
753,5.723515238400869,-3.6888794541139363
754,5.723374556913512,-3.6888794541139363
755,5.723374556913512,-3.6888794541139363
756,5.7232341253346135,-3.6888794541139363
757,5.7232341253346135,-3.6888794541139363
758,5.723093911076454,-3.6888794541139363
759,5.723093911076454,-3.6888794541139363
760,5.722953930583411,-3.6888794541139363
761,5.722953930583411,-3.6888794541139363
762,5.7228141676039455,-3.6888794541139363
763,5.7228141676039455,-3.6888794541139363
764,5.722674630409385,-3.6888794541139363
765,5.722674630409385,-3.6888794541139363
766,5.722535319096982,-3.6888794541139363
767,5.722535319096982,-3.6888794541139363
768,5.7223962255842125,-3.6888794541139363
769,5.7223962255842125,-3.6888794541139363
770,5.72225734178388,-3.6888794541139363
771,5.72225734178388,-3.6888794541139363
772,5.722118675967983,-3.6888794541139363
773,5.722118675967983,-3.6888794541139363
774,5.7219802364129455,-3.6888794541139363
775,5.7219802364129455,-3.6888794541139363
776,5.7218420068470355,-3.6888794541139363
777,5.7218420068470355,-3.6888794541139363
778,5.721703995545309,-3.6888794541139363
779,5.721703995545309,-3.6888794541139363
780,5.721566186227894,-3.6888794541139363
781,5.721566186227894,-3.6888794541139363
782,5.721428603543646,-3.6888794541139363
783,5.721428603543646,-3.6888794541139363
784,5.721291231211339,-3.6888794541139363
785,5.721291231211339,-3.6888794541139363
786,5.7211540693202725,-3.6888794541139363
787,5.7211540693202725,-3.6888794541139363
788,5.721017109768697,-3.6888794541139363
789,5.721017109768697,-3.6888794541139363
790,5.720880352642337,-3.6888794541139363
791,5.720880352642337,-3.6888794541139363
792,5.7207438144131775,-3.6888794541139363
793,5.7207438144131775,-3.6888794541139363
794,5.720607478784853,-3.6888794541139363
795,5.720607478784853,-3.6888794541139363
796,5.720471345842777,-3.6888794541139363
797,5.720471345842777,-3.6888794541139363
798,5.7203354156722686,-3.6888794541139363
799,5.7203354156722686,-3.6888794541139363
800,5.720199696556185,-3.6888794541139363
801,5.720199696556185,-3.6888794541139363
802,5.720064172185475,-3.6888794541139363
803,5.720064172185475,-3.6888794541139363
804,5.719928842641821,-3.6888794541139363
805,5.719928842641821,-3.6888794541139363
806,5.719928842641821,-3.6888794541139363
807,5.7197937244087536,-3.6888794541139363
808,5.7197937244087536,-3.6888794541139363
809,5.7196587847661124,-3.6888794541139363
810,5.7196587847661124,-3.6888794541139363
811,5.71952406480457,-3.6888794541139363
812,5.71952406480457,-3.6888794541139363
813,5.719389515389672,-3.6888794541139363
814,5.719389515389672,-3.6888794541139363
815,5.719255177619641,-3.6888794541139363
816,5.719255177619641,-3.6888794541139363
817,5.719121035169241,-3.6888794541139363
818,5.719121035169241,-3.6888794541139363
819,5.718987079911919,-3.6888794541139363
820,5.718987079911919,-3.6888794541139363
821,5.7188533119253195,-3.6888794541139363
822,5.7188533119253195,-3.6888794541139363
823,5.718719739496785,-3.6888794541139363
824,5.718719739496785,-3.6888794541139363
825,5.718586362707079,-3.6888794541139363
826,5.718586362707079,-3.6888794541139363
827,5.7184531734249004,-3.6888794541139363
828,5.7184531734249004,-3.6888794541139363
829,5.718320171727552,-3.6888794541139363
830,5.718320171727552,-3.6888794541139363
831,5.718187349478092,-3.6888794541139363
832,5.718187349478092,-3.6888794541139363
833,5.718054714965629,-3.6888794541139363
834,5.718054714965629,-3.6888794541139363
835,5.717922284699872,-3.6888794541139363
836,5.717922284699872,-3.6888794541139363
837,5.7177900176772205,-3.6888794541139363
838,5.7177900176772205,-3.6888794541139363
839,5.717657938620284,-3.6888794541139363
840,5.717657938620284,-3.6888794541139363
841,5.717526047605861,-3.6888794541139363
842,5.717526047605861,-3.6888794541139363
843,5.717394336489996,-3.6888794541139363
844,5.717394336489996,-3.6888794541139363
845,5.7172628053460715,-3.6888794541139363
846,5.7172628053460715,-3.6888794541139363
847,5.717131454247394,-3.6888794541139363
848,5.717131454247394,-3.6888794541139363
849,5.71700028326719,-3.6888794541139363
850,5.71700028326719,-3.6888794541139363
851,5.716869284253624,-3.6888794541139363
852,5.716869284253624,-3.6888794541139363
853,5.716738481954729,-3.6888794541139363
854,5.716738481954729,-3.6888794541139363
855,5.716607835314263,-3.6888794541139363
856,5.716607835314263,-3.6888794541139363
857,5.716477360851899,-3.6888794541139363
858,5.716477360851899,-3.6888794541139363
859,5.716347075095833,-3.6888794541139363
860,5.716347075095833,-3.6888794541139363
861,5.716216961661343,-3.6888794541139363
862,5.716216961661343,-3.6888794541139363
863,5.71608702884933,-3.6888794541139363
864,5.71608702884933,-3.6888794541139363
865,5.715957260267425,-3.6888794541139363
866,5.715957260267425,-3.6888794541139363
867,5.715827655981763,-3.6888794541139363
868,5.715827655981763,-3.6888794541139363
869,5.715698240762287,-3.6888794541139363
870,5.715698240762287,-3.6888794541139363
871,5.715568973506141,-3.6888794541139363
872,5.715568973506141,-3.6888794541139363
873,5.715439878983131,-3.6888794541139363
874,5.715439878983131,-3.6888794541139363
875,5.7153109655001355,-3.6888794541139363
876,5.7153109655001355,-3.6888794541139363
877,5.715182216651575,-3.6888794541139363
878,5.715182216651575,-3.6888794541139363
879,5.715053632503187,-3.6888794541139363
880,5.715053632503187,-3.6888794541139363
881,5.714925213120642,-3.6888794541139363
882,5.714925213120642,-3.6888794541139363
883,5.71479695856955,-3.6888794541139363
884,5.71479695856955,-3.6888794541139363
885,5.714668860672348,-3.6888794541139363
886,5.714668860672348,-3.6888794541139363
887,5.714540935979671,-3.6888794541139363
888,5.714540935979671,-3.6888794541139363
889,5.714413184560097,-3.6888794541139363
890,5.714413184560097,-3.6888794541139363
891,5.714285581743336,-3.6888794541139363
892,5.714285581743336,-3.6888794541139363
893,5.714158144082996,-3.6888794541139363
894,5.714158144082996,-3.6888794541139363
895,5.7140308633959345,-3.6888794541139363
896,5.7140308633959345,-3.6888794541139363
897,5.71390374799358,-3.6888794541139363
898,5.71390374799358,-3.6888794541139363
899,5.713776789690566,-3.6888794541139363
900,5.713776789690566,-3.6888794541139363
901,5.713649996800295,-3.6888794541139363
902,5.713649996800295,-3.6888794541139363
903,5.713523344630076,-3.6888794541139363
904,5.713523344630076,-3.6888794541139363
905,5.713396857996213,-3.6888794541139363
906,5.713396857996213,-3.6888794541139363
907,5.713270536963555,-3.6888794541139363
908,5.713270536963555,-3.6888794541139363
909,5.713144365085524,-3.6888794541139363
910,5.713144365085524,-3.6888794541139363
911,5.713018350677319,-3.6888794541139363
912,5.713018350677319,-3.6888794541139363
913,5.712892477284961,-3.6888794541139363
914,5.712892477284961,-3.6888794541139363
915,5.712766769740103,-3.6888794541139363
916,5.712766769740103,-3.6888794541139363
917,5.712766769740103,-3.6888794541139363
918,5.712641219847453,-3.6888794541139363
919,5.712641219847453,-3.6888794541139363
920,5.712515827668381,-3.6888794541139363
921,5.712515827668381,-3.6888794541139363
922,5.712390568478476,-3.6888794541139363
923,5.712390568478476,-3.6888794541139363
924,5.712265475381453,-3.6888794541139363
925,5.712265475381453,-3.6888794541139363
926,5.7121405236496905,-3.6888794541139363
927,5.7121405236496905,-3.6888794541139363
928,5.7120157298681535,-3.6888794541139363
929,5.7120157298681535,-3.6888794541139363
930,5.711891077565859,-3.6888794541139363
931,5.711891077565859,-3.6888794541139363
932,5.711766575064726,-3.6888794541139363
933,5.711766575064726,-3.6888794541139363
934,5.711642230690739,-3.6888794541139363
935,5.711642230690739,-3.6888794541139363
936,5.711518019697461,-3.6888794541139363
937,5.711518019697461,-3.6888794541139363
938,5.711393958676812,-3.6888794541139363
939,5.711393958676812,-3.6888794541139363
940,5.711270055957698,-3.6888794541139363
941,5.711270055957698,-3.6888794541139363
942,5.711146295056487,-3.6888794541139363
943,5.711146295056487,-3.6888794541139363
944,5.711022659481308,-3.6888794541139363
945,5.711022659481308,-3.6888794541139363
946,5.710899190651733,-3.6888794541139363
947,5.710899190651733,-3.6888794541139363
948,5.710775855530387,-3.6888794541139363
949,5.710775855530387,-3.6888794541139363
950,5.710652662444907,-3.6888794541139363
951,5.710652662444907,-3.6888794541139363
952,5.710529619726962,-3.6888794541139363
953,5.710529619726962,-3.6888794541139363
954,5.710406719155618,-3.6888794541139363
955,5.710406719155618,-3.6888794541139363
956,5.710283952505818,-3.6888794541139363
957,5.710283952505818,-3.6888794541139363
958,5.710161328109092,-3.6888794541139363
959,5.710161328109092,-3.6888794541139363
960,5.710038854300986,-3.6888794541139363
961,5.710038854300986,-3.6888794541139363
962,5.70991651457393,-3.6888794541139363
963,5.70991651457393,-3.6888794541139363
964,5.709794308978974,-3.6888794541139363
965,5.709794308978974,-3.6888794541139363
966,5.709672245851526,-3.6888794541139363
967,5.709672245851526,-3.6888794541139363
968,5.7095503169601765,-3.6888794541139363
969,5.7095503169601765,-3.6888794541139363
970,5.709428530642266,-3.6888794541139363
971,5.709428530642266,-3.6888794541139363
972,5.7093068869517,-3.6888794541139363
973,5.7093068869517,-3.6888794541139363
974,5.709185377653907,-3.6888794541139363
975,5.709185377653907,-3.6888794541139363
976,5.709063994510244,-3.6888794541139363
977,5.709063994510244,-3.6888794541139363
978,5.70894274585889,-3.6888794541139363
979,5.70894274585889,-3.6888794541139363
980,5.708821640042002,-3.6888794541139363
981,5.708821640042002,-3.6888794541139363
982,5.7087006688208115,-3.6888794541139363
983,5.7087006688208115,-3.6888794541139363
984,5.708579823952494,-3.6888794541139363
985,5.708579823952494,-3.6888794541139363
986,5.708459122073535,-3.6888794541139363
987,5.708459122073535,-3.6888794541139363
988,5.708338554942027,-3.6888794541139363
989,5.708338554942027,-3.6888794541139363
990,5.708218114312019,-3.6888794541139363
991,5.708218114312019,-3.6888794541139363
992,5.708097800230974,-3.6888794541139363
993,5.708097800230974,-3.6888794541139363
994,5.707977629343214,-3.6888794541139363
995,5.707977629343214,-3.6888794541139363
996,5.707857585103219,-3.6888794541139363
997,5.707857585103219,-3.6888794541139363
998,5.70773766755834,-3.6888794541139363
999,5.70773766755834,-3.6888794541139363
